strategy,bucket,updated_clone,reason,rows,hits,quality_hits,avg_profit_pct,best_profit_pct,avg_trades,max_trades,avg_winrate,best_winrate,max_drawdown_pct
sieve2_avwap_reject_short,complete_pattern,,Parked as complete-pattern candidate: clean/high-win low-volume result shape; not active Sieve2 rescue.,3,3,0,1.363696439,2.161982744,38.0,38,50.0,60.526315789473685,1.1242216314409863
sieve2_continuation_flag_present_long_1h,complete_pattern,,Parked as complete-pattern candidate: clean/high-win low-volume result shape; not active Sieve2 rescue.,3,3,0,1.4131564490000006,2.225441321000001,21.0,21,55.555555555555564,61.904761904761905,0.6315157628339297
sieve2_geometry_ascending_channel_lower_bounce_long_4h,complete_pattern,,Parked as complete-pattern candidate: clean/high-win low-volume result shape; not active Sieve2 rescue.,3,3,3,2.0700664439999996,2.1205920639999993,65.33333333333333,71,49.52534537828061,59.154929577464785,2.2598513616627938
sieve2_geometry_ascending_channel_lower_bounce_long_8h,complete_pattern,,Parked as complete-pattern candidate: clean/high-win low-volume result shape; not active Sieve2 rescue.,3,3,0,3.184786848666666,4.284931091999999,29.666666666666668,30,62.87356321839079,66.66666666666666,0.6154702659566923
sieve2_geometry_descending_channel_lower_breakdown_short_1h,complete_pattern,,Parked as complete-pattern candidate: clean/high-win low-volume result shape; not active Sieve2 rescue.,3,3,0,1.739666065,2.5565502889999996,26.0,26,57.692307692307686,61.53846153846154,0.8284124130632117
sieve2_geometry_descending_channel_lower_breakdown_short_4h,complete_pattern,,Parked as complete-pattern candidate: clean/high-win low-volume result shape; not active Sieve2 rescue.,3,3,0,1.2360756216666668,1.538708563,20.0,20,55.0,70.0,2.0563709348778203
sieve2_geometry_rectangle_breakdown_short_1h,complete_pattern,,Parked as complete-pattern candidate: clean/high-win low-volume result shape; not active Sieve2 rescue.,3,3,0,1.9792370486666668,2.1104839820000003,21.333333333333332,22,62.26551226551226,77.27272727272727,0.7017093169999953
sieve2_geometry_triangle_squeeze_breakdown_short_4h,complete_pattern,,Parked as complete-pattern candidate: clean/high-win low-volume result shape; not active Sieve2 rescue.,3,3,3,2.6942486843333335,3.2722738970000007,88.66666666666667,92,48.219105913005166,58.69565217391305,1.704826153443934
sieve2_geometry_triangle_squeeze_breakout_long_1h,complete_pattern,,Parked as complete-pattern candidate: clean/high-win low-volume result shape; not active Sieve2 rescue.,3,3,3,5.837803856333333,6.180999736,78.33333333333333,83,57.13597246127367,66.26506024096386,1.1905923031597418
sieve2_geometry_wedge_breakdown_short_4h,complete_pattern,,Parked as complete-pattern candidate: clean/high-win low-volume result shape; not active Sieve2 rescue.,3,3,0,1.2356138693333334,1.4682950130000003,22.666666666666668,26,53.46153846153846,65.38461538461539,1.2457510139999954
sieve2_geometry_wedge_breakout_long_1h,complete_pattern,,Parked as complete-pattern candidate: clean/high-win low-volume result shape; not active Sieve2 rescue.,3,3,0,2.5530243863333335,2.625266086,25.333333333333332,29,62.36256871564217,72.41379310344827,1.2158416234636777
sieve2_geometry_wedge_breakout_long_8h,complete_pattern,,Parked as complete-pattern candidate: clean/high-win low-volume result shape; not active Sieve2 rescue.,3,3,0,2.533163341,3.7100753859999993,26.333333333333332,27,60.731244064577396,62.96296296296296,0.6109999130403894
sieve2_mtf_h4_supply_reject_short_1h_local_break,complete_pattern,,Parked as complete-pattern candidate: clean/high-win low-volume result shape; not active Sieve2 rescue.,3,3,0,1.6427524686666668,2.475478073,34.666666666666664,36,53.47522847522847,63.888888888888886,0.7329292602757306
sieve2_multi2_tlv2_boschoch_fall_res_ride_bos_bear_short_1h,complete_pattern,,Parked as complete-pattern candidate: clean/high-win low-volume result shape; not active Sieve2 rescue.,3,3,0,3.3613433636666663,4.7351559189999985,34.0,34,62.74509803921569,67.64705882352942,0.809795864279623
sieve2_multi2_tlv2_boschoch_res_break_bos_bull_long_1h,complete_pattern,,Parked as complete-pattern candidate: clean/high-win low-volume result shape; not active Sieve2 rescue.,3,3,3,2.372390031333333,3.325257359999999,53.0,53,52.20125786163521,58.490566037735846,1.4418266869585512
sieve2_multi2_tlv2_boschoch_res_break_bos_bull_long_8h,complete_pattern,,Parked as complete-pattern candidate: clean/high-win low-volume result shape; not active Sieve2 rescue.,3,3,0,3.444476224666667,4.710604931,37.0,37,61.26126126126127,64.86486486486487,0.6212783467292513
sieve2_multi2_tlv2_boschoch_res_prox_reject_choch_bear_short_4h,complete_pattern,,Parked as complete-pattern candidate: clean/high-win low-volume result shape; not active Sieve2 rescue.,3,3,0,2.521381035333333,3.136185497,20.0,20,66.66666666666667,75.0,0.41769545686140797
sieve2_multi2_tlv2_boschoch_sup_break_bos_bear_short_1h,complete_pattern,,Parked as complete-pattern candidate: clean/high-win low-volume result shape; not active Sieve2 rescue.,3,3,0,1.1595450886666667,1.423181662,20.0,20,53.333333333333336,60.0,0.713970986000004
sieve2_multi2_tlv2_vp_res_break_vp_node_long_4h,complete_pattern,,Parked as complete-pattern candidate: clean/high-win low-volume result shape; not active Sieve2 rescue.,3,3,0,2.4263670203333336,3.024527655,24.0,24,62.5,70.83333333333334,1.2170204199831374
sieve2_multi2_vp_prior_equal_highs_reject_vp_vah_short,complete_pattern,,Parked as complete-pattern candidate: clean/high-win low-volume result shape; not active Sieve2 rescue.,3,1,0,0.19283177533333337,0.9074755440000001,21.0,21,44.44444444444445,61.904761904761905,1.048425831859807
sieve2_reversal_double_bottom_confirmed_long_4h,complete_pattern,,Parked as complete-pattern candidate: clean/high-win low-volume result shape; not active Sieve2 rescue.,3,3,0,1.479916445,1.8863107390000002,31.333333333333332,35,51.60919540229886,60.0,0.8400835107188273
sieve2_reversal_double_bottom_present_long_4h,complete_pattern,,Parked as complete-pattern candidate: clean/high-win low-volume result shape; not active Sieve2 rescue.,3,3,0,0.8278414399999999,1.2174143549999998,21.666666666666668,23,50.31055900621118,65.21739130434783,0.7634354184286225
sieve2_avwap_lower_band_reclaim_long,failed_original,,"Parked original after weak Sieve2 review; not selected for Sieve3, complete-pattern hold, or rescue clone.",3,0,0,-4.624614179999999,-2.2713145889999997,224.33333333333334,230,38.480358271740606,49.130434782608695,8.022653430149955
sieve2_avwap_upper_band_reject_short,failed_original,,"Parked original after weak Sieve2 review; not selected for Sieve3, complete-pattern hold, or rescue clone.",3,0,0,-0.6511018599999999,-0.4458567610000001,7.0,7,23.809523809523807,28.57142857142857,0.8608465690000002
sieve2_bos_bear_continuation_short_1d,failed_original,,"Parked original after weak Sieve2 review; not selected for Sieve3, complete-pattern hold, or rescue clone.",3,0,0,-0.21014033899999998,-0.210140339,1.0,1,0.0,0.0,0.21014033899999732
sieve2_bos_bear_continuation_short_4h,failed_original,,"Parked original after weak Sieve2 review; not selected for Sieve3, complete-pattern hold, or rescue clone.",3,0,0,0.37067754633333333,0.762533486,8.0,8,50.0,50.0,0.4234795461428518
sieve2_bos_bull_continuation_long_1d,failed_original,,"Parked original after weak Sieve2 review; not selected for Sieve3, complete-pattern hold, or rescue clone.",3,1,1,-0.9184693209999999,1.7580527229999996,108.66666666666667,109,40.19141465624646,42.592592592592595,5.088942278328911
sieve2_bos_bull_continuation_long_1h,failed_original,sieve2_overtrade_bos_bull_continuation_long_1h_vp_market_guard,Parked original after weak-but-not-hopeless Sieve2 result; updated top-level rescue clone created.,3,2,2,24.072685619999998,34.795082516,866.6666666666666,885,47.32998947921809,54.463276836158194,4.273188925285906
sieve2_bos_bull_continuation_long_4h,failed_original,,"Parked original after weak Sieve2 review; not selected for Sieve3, complete-pattern hold, or rescue clone.",3,1,0,0.18319212833333334,0.863244958,26.0,26,42.307692307692314,50.0,1.756650759069122
sieve2_bos_bull_continuation_long_8h,failed_original,,"Parked original after weak Sieve2 review; not selected for Sieve3, complete-pattern hold, or rescue clone.",3,2,0,2.189214383333333,3.9525228679999995,48.0,48,50.0,52.083333333333336,1.385757425279607
sieve2_choch_bear_reversal_short_1h,failed_original,,"Parked original after weak Sieve2 review; not selected for Sieve3, complete-pattern hold, or rescue clone.",3,0,0,0.5003147773333333,0.865994468,7.0,7,57.14285714285714,57.14285714285714,0.3852354942738137
sieve2_choch_bear_reversal_short_4h,failed_original,,"Parked original after weak Sieve2 review; not selected for Sieve3, complete-pattern hold, or rescue clone.",3,0,0,-1.2329686953333332,-0.9911532839999997,30.0,30,34.44444444444444,43.333333333333336,1.978034755014111
sieve2_choch_bear_reversal_short_8h,failed_original,,"Parked original after weak Sieve2 review; not selected for Sieve3, complete-pattern hold, or rescue clone.",3,0,0,0.5044870173333333,0.583502488,3.0,3,77.77777777777777,100.0,0.2069820662512268
sieve2_continuation_flag_confirmed_long_1d,failed_original,,"Parked original after weak Sieve2 review; not selected for Sieve3, complete-pattern hold, or rescue clone.",3,0,0,0.3409988930000001,0.7561391800000001,11.0,11,48.48484848484848,54.54545454545454,1.0352362817948706
sieve2_continuation_flag_confirmed_long_1h,failed_original,sieve2_loosen_continuation_flag_confirmed_long_1h_broader_trigger,Parked original after weak-but-not-hopeless Sieve2 result; updated top-level rescue clone created.,3,0,0,2.313036900333333,2.94325618,12.0,12,80.55555555555556,91.66666666666666,0.41061676742222025
sieve2_continuation_flag_confirmed_long_4h,failed_original,,"Parked original after weak Sieve2 review; not selected for Sieve3, complete-pattern hold, or rescue clone.",3,1,0,-0.4478343566666667,0.2796862880000001,42.0,42,39.68253968253969,45.23809523809524,1.6876964566144979
sieve2_continuation_flag_confirmed_long_8h,failed_original,,"Parked original after weak Sieve2 review; not selected for Sieve3, complete-pattern hold, or rescue clone.",3,0,0,0.5945528776666666,0.7927748299999999,2.0,2,100.0,100.0,0.0
sieve2_continuation_flag_confirmed_short_1d,failed_original,,"Parked original after weak Sieve2 review; not selected for Sieve3, complete-pattern hold, or rescue clone.",3,0,0,0.46405548699999993,0.898235511,3.0,3,77.77777777777777,100.0,0.49964325335548054
sieve2_continuation_flag_confirmed_short_1h,failed_original,,"Parked original after weak Sieve2 review; not selected for Sieve3, complete-pattern hold, or rescue clone.",3,0,0,0.335502547,0.544964251,5.0,5,53.333333333333336,60.0,0.405615354574529
sieve2_continuation_flag_confirmed_short_4h,failed_original,,"Parked original after weak Sieve2 review; not selected for Sieve3, complete-pattern hold, or rescue clone.",3,0,0,0.4891216096666667,0.56540508,10.0,10,50.0,60.0,1.1151567302711891
sieve2_continuation_flag_present_long_1d,failed_original,,"Parked original after weak Sieve2 review; not selected for Sieve3, complete-pattern hold, or rescue clone.",3,0,0,-1.3121102613333333,-1.107025058,16.0,16,22.916666666666668,25.0,1.9251839639788628
sieve2_continuation_flag_present_long_4h,failed_original,,"Parked original after weak Sieve2 review; not selected for Sieve3, complete-pattern hold, or rescue clone.",3,0,0,0.2455261793333333,0.5377588369999999,6.0,6,50.0,50.0,0.6311796181135486
sieve2_continuation_flag_present_short_1d,failed_original,,"Parked original after weak Sieve2 review; not selected for Sieve3, complete-pattern hold, or rescue clone.",3,0,0,0.6919524053333334,0.89482365,3.0,3,88.88888888888887,100.0,0.2082154927202115
sieve2_continuation_flag_present_short_4h,failed_original,,"Parked original after weak Sieve2 review; not selected for Sieve3, complete-pattern hold, or rescue clone.",3,2,0,-0.06906358733333325,0.536576648,29.0,29,41.37931034482759,44.827586206896555,2.0332612773792857
sieve2_continuation_flag_setup_long_1d,failed_original,,"Parked original after weak Sieve2 review; not selected for Sieve3, complete-pattern hold, or rescue clone.",3,0,0,0.04336471066666666,0.14934274700000003,16.0,16,43.75,50.0,1.0991651545878025
sieve2_continuation_flag_setup_long_1h,failed_original,,"Parked original after weak Sieve2 review; not selected for Sieve3, complete-pattern hold, or rescue clone.",3,0,0,0.9082141186666668,1.169326165,6.0,6,72.22222222222221,83.33333333333334,0.21548677600000016
sieve2_continuation_flag_setup_long_4h,failed_original,,"Parked original after weak Sieve2 review; not selected for Sieve3, complete-pattern hold, or rescue clone.",3,0,0,0.02013490999999996,0.2769315489999999,6.0,6,44.444444444444436,50.0,0.5080557202863022
sieve2_continuation_flag_setup_short_1d,failed_original,,"Parked original after weak Sieve2 review; not selected for Sieve3, complete-pattern hold, or rescue clone.",3,0,0,0.593311211,0.791152082,2.0,2,100.0,100.0,0.0
sieve2_continuation_flag_setup_short_1h,failed_original,,"Parked original after weak Sieve2 review; not selected for Sieve3, complete-pattern hold, or rescue clone.",3,0,0,0.3182448750000001,0.695721553,8.0,8,50.0,50.0,0.44963570641158407
sieve2_continuation_flag_setup_short_4h,failed_original,,"Parked original after weak Sieve2 review; not selected for Sieve3, complete-pattern hold, or rescue clone.",3,0,0,-0.27880927866666666,-0.01646803999999995,20.0,20,38.333333333333336,45.0,1.2200722428001238
sieve2_continuation_flag_setup_short_8h,failed_original,,"Parked original after weak Sieve2 review; not selected for Sieve3, complete-pattern hold, or rescue clone.",3,0,0,-1.411851514,-1.060367149,21.0,21,28.571428571428573,38.095238095238095,2.273111886870461
sieve2_continuation_pennant_present_short_1h,failed_original,,"Parked original after weak Sieve2 review; not selected for Sieve3, complete-pattern hold, or rescue clone.",3,0,0,-0.204870672,-0.204870672,1.0,1,0.0,0.0,0.20487067200000408
sieve2_continuation_pennant_present_short_4h,failed_original,,"Parked original after weak Sieve2 review; not selected for Sieve3, complete-pattern hold, or rescue clone.",3,0,0,-0.23434053100000005,0.11710343399999998,4.0,4,33.333333333333336,50.0,0.7635916859999952
sieve2_demand_zone_breakdown_short,failed_original,sieve2_overtrade_demand_zone_breakdown_short_vp_market_guard,Parked original after weak-but-not-hopeless Sieve2 result; updated top-level rescue clone created.,3,2,0,0.3771534989999979,14.523009280999998,2827.3333333333335,2878,42.20651081588821,49.86101459346769,20.66916576989532
sieve2_equal_lows_sweep_reclaim_long,failed_original,,"Parked original after weak Sieve2 review; not selected for Sieve3, complete-pattern hold, or rescue clone.",3,0,0,-1.0739093736666667,-0.17306277699999992,63.0,63,37.56613756613756,41.269841269841265,3.456811037746224
sieve2_geometry_ascending_channel_lower_bounce_long_1d,failed_original,,"Parked original after weak Sieve2 review; not selected for Sieve3, complete-pattern hold, or rescue clone.",3,0,0,0.09955997766666669,0.24953021100000006,16.666666666666668,18,43.75,50.0,1.1319191741666437
sieve2_geometry_ascending_channel_lower_bounce_long_1h,failed_original,,"Parked original after weak Sieve2 review; not selected for Sieve3, complete-pattern hold, or rescue clone.",3,0,0,0.9740949069999999,1.1783855429999999,4.0,4,91.66666666666667,100.0,0.21232347455624528
sieve2_geometry_ascending_channel_upper_breakout_long_1d,failed_original,sieve2_loosen_geometry_ascending_channel_upper_breakout_long_1d_broader_trigger,Parked original after weak-but-not-hopeless Sieve2 result; updated top-level rescue clone created.,3,0,0,1.4830890096666665,1.897441674,13.0,13,64.1025641025641,69.23076923076923,0.45205530331444715
sieve2_geometry_ascending_channel_upper_breakout_long_1h,failed_original,,"Parked original after weak Sieve2 review; not selected for Sieve3, complete-pattern hold, or rescue clone.",3,0,0,-0.29814503499999984,0.16445350800000008,17.0,17,39.2156862745098,52.94117647058824,1.8783359562274726
sieve2_geometry_ascending_channel_upper_breakout_long_4h,failed_original,,"Parked original after weak Sieve2 review; not selected for Sieve3, complete-pattern hold, or rescue clone.",3,0,0,0.30010206500000003,0.40001362900000004,1.0,1,100.0,100.0,0.0
sieve2_geometry_ascending_channel_upper_breakout_long_8h,failed_original,,"Parked original after weak Sieve2 review; not selected for Sieve3, complete-pattern hold, or rescue clone.",3,0,0,-0.02351586266666666,0.076092024,3.0,3,33.33333333333333,33.33333333333333,0.3207511509991668
sieve2_geometry_ascending_channel_upper_reject_short_1d,failed_original,,"Parked original after weak Sieve2 review; not selected for Sieve3, complete-pattern hold, or rescue clone.",3,0,0,0.5636928999999999,0.9611538420000001,7.0,7,57.14285714285714,57.14285714285714,0.4122869889999947
sieve2_geometry_ascending_channel_upper_reject_short_1h,failed_original,,"Parked original after weak Sieve2 review; not selected for Sieve3, complete-pattern hold, or rescue clone.",3,1,0,-0.5317281826666668,0.7763049289999991,148.66666666666666,151,40.73800452703007,49.00662251655629,5.137909369340622
sieve2_geometry_ascending_channel_upper_reject_short_8h,failed_original,,"Parked original after weak Sieve2 review; not selected for Sieve3, complete-pattern hold, or rescue clone.",3,0,0,0.287985129,0.38398994599999997,1.0,1,100.0,100.0,0.0
sieve2_geometry_compression_breakdown_short_1h,failed_original,,"Parked original after weak Sieve2 review; not selected for Sieve3, complete-pattern hold, or rescue clone.",3,0,0,0.097176204,0.295628275,1.0,1,66.66666666666667,100.0,0.20121470599999614
sieve2_geometry_compression_breakdown_short_4h,failed_original,,"Parked original after weak Sieve2 review; not selected for Sieve3, complete-pattern hold, or rescue clone.",3,0,0,0.0,0.0,0.0,0,0.0,0.0,0.0
sieve2_geometry_compression_breakout_long_1h,failed_original,,"Parked original after weak Sieve2 review; not selected for Sieve3, complete-pattern hold, or rescue clone.",3,0,0,-0.45183513766666666,0.022587051999999996,10.333333333333334,11,32.121212121212125,40.0,1.1832480238318548
sieve2_geometry_descending_channel_lower_breakdown_short_1d,failed_original,,"Parked original after weak Sieve2 review; not selected for Sieve3, complete-pattern hold, or rescue clone.",3,0,0,0.26821849600000003,0.46667685500000006,5.0,5,53.333333333333336,60.0,0.41558430570470445
sieve2_geometry_descending_channel_lower_reclaim_long_1d,failed_original,,"Parked original after weak Sieve2 review; not selected for Sieve3, complete-pattern hold, or rescue clone.",3,0,0,0.2959231736666666,0.39456743899999996,1.0,1,100.0,100.0,0.0
sieve2_geometry_descending_channel_lower_reclaim_long_1h,failed_original,,"Parked original after weak Sieve2 review; not selected for Sieve3, complete-pattern hold, or rescue clone.",3,1,0,-0.9678451116666666,1.8587104909999992,333.3333333333333,340,41.432327382325305,47.647058823529406,6.647209740405979
sieve2_geometry_descending_channel_lower_reclaim_long_4h,failed_original,,"Parked original after weak Sieve2 review; not selected for Sieve3, complete-pattern hold, or rescue clone.",3,0,0,0.2736598733333333,0.47299651899999995,5.0,5,53.333333333333336,60.0,0.2092479219999973
sieve2_geometry_descending_channel_lower_reclaim_long_8h,failed_original,,"Parked original after weak Sieve2 review; not selected for Sieve3, complete-pattern hold, or rescue clone.",3,0,0,0.6063516029999999,0.8058540319999999,6.0,6,61.11111111111111,66.66666666666666,0.37701731691384927
sieve2_geometry_descending_channel_upper_reject_short_1d,failed_original,,"Parked original after weak Sieve2 review; not selected for Sieve3, complete-pattern hold, or rescue clone.",3,0,0,-0.6128220973333334,-0.540112616,5.0,5,20.0,20.0,0.83053880699371
sieve2_geometry_descending_channel_upper_reject_short_1h,failed_original,,"Parked original after weak Sieve2 review; not selected for Sieve3, complete-pattern hold, or rescue clone.",3,0,0,0.8809245596666666,1.306692849,7.0,7,71.42857142857143,71.42857142857143,0.20671847727342973
sieve2_geometry_descending_channel_upper_reject_short_4h,failed_original,,"Parked original after weak Sieve2 review; not selected for Sieve3, complete-pattern hold, or rescue clone.",3,0,0,0.06372074900000001,0.22286336,9.333333333333334,10,42.59259259259259,50.0,0.6714939767844645
sieve2_geometry_descending_channel_upper_reject_short_8h,failed_original,,"Parked original after weak Sieve2 review; not selected for Sieve3, complete-pattern hold, or rescue clone.",3,0,0,-0.2775559716666667,-0.07535753200000003,8.0,8,33.333333333333336,37.5,0.766291645842836
sieve2_geometry_rectangle_breakdown_short_4h,failed_original,,"Parked original after weak Sieve2 review; not selected for Sieve3, complete-pattern hold, or rescue clone.",3,0,0,-0.7928226353333333,-0.333818538,8.0,8,20.833333333333332,37.5,1.5252164389999963
sieve2_geometry_rectangle_breakout_long_1d,failed_original,sieve2_loosen_geometry_rectangle_breakout_long_1d_broader_trigger,Parked original after weak-but-not-hopeless Sieve2 result; updated top-level rescue clone created.,3,0,0,1.7492619413333335,2.5529058129999997,11.0,11,72.72727272727273,72.72727272727273,0.2334974442780505
sieve2_geometry_rectangle_breakout_long_1h,failed_original,,"Parked original after weak Sieve2 review; not selected for Sieve3, complete-pattern hold, or rescue clone.",3,0,0,-0.23851990866666664,-0.036203328000000035,10.0,10,36.666666666666664,40.0,1.0120563132384282
sieve2_geometry_rectangle_breakout_long_4h,failed_original,,"Parked original after weak Sieve2 review; not selected for Sieve3, complete-pattern hold, or rescue clone.",3,0,0,0.8813274603333333,1.181083978,3.0,3,100.0,100.0,0.0
sieve2_geometry_rectangle_breakout_long_8h,failed_original,,"Parked original after weak Sieve2 review; not selected for Sieve3, complete-pattern hold, or rescue clone.",3,0,0,0.4377359,0.548352847,18.333333333333332,19,47.07602339181287,57.89473684210527,0.965421492664355
sieve2_geometry_rectangle_lower_reclaim_long_1h,failed_original,,"Parked original after weak Sieve2 review; not selected for Sieve3, complete-pattern hold, or rescue clone.",3,0,0,-1.3094345186666667,-0.42152063599999995,19.0,19,29.824561403508767,47.368421052631575,2.8655175417294516
sieve2_geometry_rectangle_lower_reclaim_long_4h,failed_original,,"Parked original after weak Sieve2 review; not selected for Sieve3, complete-pattern hold, or rescue clone.",3,0,0,-0.7875618633333333,-0.4624820489999999,14.0,14,30.95238095238095,42.857142857142854,1.8226970575526937
sieve2_geometry_rectangle_lower_reclaim_long_8h,failed_original,,"Parked original after weak Sieve2 review; not selected for Sieve3, complete-pattern hold, or rescue clone.",3,3,0,0.7163119416666666,0.9370741729999998,22.333333333333332,23,49.14361001317523,56.52173913043478,1.4817909401874476
sieve2_geometry_rectangle_upper_reject_short_1h,failed_original,,"Parked original after weak Sieve2 review; not selected for Sieve3, complete-pattern hold, or rescue clone.",3,0,0,0.017517236666666658,0.218067721,6.0,6,44.444444444444436,50.0,0.6327285540000048
sieve2_geometry_rectangle_upper_reject_short_4h,failed_original,,"Parked original after weak Sieve2 review; not selected for Sieve3, complete-pattern hold, or rescue clone.",3,0,0,0.300261238,0.40001093599999993,1.0,1,100.0,100.0,0.0
sieve2_geometry_rectangle_upper_reject_short_8h,failed_original,,"Parked original after weak Sieve2 review; not selected for Sieve3, complete-pattern hold, or rescue clone.",3,0,0,-0.1044947206666667,-0.023515838000000056,6.0,6,38.888888888888886,50.0,0.8065566929015457
sieve2_geometry_triangle_lower_reclaim_long_1h,failed_original,,"Parked original after weak Sieve2 review; not selected for Sieve3, complete-pattern hold, or rescue clone.",3,0,0,0.34447392299999996,0.546857321,7.0,7,52.38095238095238,57.14285714285714,0.4153354571474958
sieve2_geometry_triangle_lower_reclaim_long_4h,failed_original,,"Parked original after weak Sieve2 review; not selected for Sieve3, complete-pattern hold, or rescue clone.",3,0,0,0.4838738656666666,0.781108718,5.0,5,60.0,60.0,0.21071838453979091
sieve2_geometry_triangle_lower_reclaim_long_8h,failed_original,,"Parked original after weak Sieve2 review; not selected for Sieve3, complete-pattern hold, or rescue clone.",3,0,0,0.3867972563333333,0.6017648749999999,2.0,2,83.33333333333333,100.0,0.23917324400000553
sieve2_geometry_triangle_squeeze_breakdown_short_1d,failed_original,,"Parked original after weak Sieve2 review; not selected for Sieve3, complete-pattern hold, or rescue clone.",3,0,0,0.212511992,0.282880492,1.0,1,100.0,100.0,0.0
sieve2_geometry_triangle_squeeze_breakdown_short_1h,failed_original,sieve2_loosen_geometry_triangle_squeeze_breakdown_short_1h_broader_trigger,Parked original after weak-but-not-hopeless Sieve2 result; updated top-level rescue clone created.,3,0,0,1.718340794666667,2.639732006,16.333333333333332,17,63.23529411764705,64.70588235294117,0.22933320577249572
sieve2_geometry_triangle_squeeze_breakdown_short_8h,failed_original,sieve2_loosen_geometry_triangle_squeeze_breakdown_short_8h_broader_trigger,Parked original after weak-but-not-hopeless Sieve2 result; updated top-level rescue clone created.,3,0,0,1.5671936130000004,2.0795007850000005,10.666666666666666,11,71.81818181818183,72.72727272727273,0.41911981638341705
sieve2_geometry_triangle_squeeze_breakout_long_4h,failed_original,sieve2_loosen_geometry_triangle_squeeze_breakout_long_4h_broader_trigger,Parked original after weak-but-not-hopeless Sieve2 result; updated top-level rescue clone created.,3,0,0,1.4567390686666666,2.087612183,17.666666666666668,19,59.85552115583075,73.68421052631578,0.4365147672932207
sieve2_geometry_triangle_squeeze_breakout_long_8h,failed_original,,"Parked original after weak Sieve2 review; not selected for Sieve3, complete-pattern hold, or rescue clone.",3,0,0,0.6150534536666666,0.9778352720000001,4.333333333333333,5,70.0,75.0,0.4034969258695279
sieve2_geometry_triangle_upper_reject_short_1d,failed_original,,"Parked original after weak Sieve2 review; not selected for Sieve3, complete-pattern hold, or rescue clone.",3,0,0,-0.472082395,-0.235516541,3.0,3,11.111111111111109,33.33333333333333,0.5903653220000024
sieve2_geometry_triangle_upper_reject_short_1h,failed_original,,"Parked original after weak Sieve2 review; not selected for Sieve3, complete-pattern hold, or rescue clone.",3,0,0,0.6861801763333335,0.9589136160000001,15.0,15,51.111111111111114,60.0,0.5986321139999973
sieve2_geometry_triangle_upper_reject_short_8h,failed_original,sieve2_loosen_geometry_triangle_upper_reject_short_8h_broader_trigger,Parked original after weak-but-not-hopeless Sieve2 result; updated top-level rescue clone created.,3,0,0,1.3807302393333334,1.586574696,7.0,7,80.95238095238095,85.71428571428571,0.20717044500714663
sieve2_geometry_wedge_breakdown_short_1d,failed_original,,"Parked original after weak Sieve2 review; not selected for Sieve3, complete-pattern hold, or rescue clone.",3,0,0,-0.07384271999999999,0.011199780000000015,3.0,3,33.33333333333333,33.33333333333333,0.3285608633255684
sieve2_geometry_wedge_breakdown_short_1h,failed_original,,"Parked original after weak Sieve2 review; not selected for Sieve3, complete-pattern hold, or rescue clone.",3,2,0,0.9441768603333337,1.7023140050000007,39.666666666666664,42,47.66838266838267,54.761904761904766,1.2692751599999952
sieve2_geometry_wedge_breakdown_short_8h,failed_original,,"Parked original after weak Sieve2 review; not selected for Sieve3, complete-pattern hold, or rescue clone.",3,0,0,-0.7137623453333335,-0.364356758,8.666666666666666,10,21.666666666666668,40.0,1.2328022497021125
sieve2_geometry_wedge_breakout_long_4h,failed_original,,"Parked original after weak Sieve2 review; not selected for Sieve3, complete-pattern hold, or rescue clone.",3,0,0,0.771426032,1.167750266,6.0,6,66.66666666666666,66.66666666666666,0.21719713980902938
sieve2_geometry_wedge_lower_reclaim_long_1h,failed_original,,"Parked original after weak Sieve2 review; not selected for Sieve3, complete-pattern hold, or rescue clone.",3,0,0,0.3276251223333333,0.71908993,8.0,8,50.0,50.0,0.4152157676041504
sieve2_geometry_wedge_upper_reject_short_1d,failed_original,,"Parked original after weak Sieve2 review; not selected for Sieve3, complete-pattern hold, or rescue clone.",3,0,0,0.0,0.0,0.0,0,0.0,0.0,0.0
sieve2_geometry_wedge_upper_reject_short_1h,failed_original,,"Parked original after weak Sieve2 review; not selected for Sieve3, complete-pattern hold, or rescue clone.",3,0,0,1.0464139933333334,1.6179141610000003,9.0,9,66.66666666666667,77.77777777777779,0.5729708593481337
sieve2_geometry_wedge_upper_reject_short_8h,failed_original,,"Parked original after weak Sieve2 review; not selected for Sieve3, complete-pattern hold, or rescue clone.",3,0,0,-0.3151905103333334,-0.21488418500000003,4.0,4,25.0,25.0,0.6145145176190927
sieve2_ladder_long_res_break,failed_original,sieve2_overtrade_ladder_long_res_break_vp_market_guard,Parked original after weak-but-not-hopeless Sieve2 result; updated top-level rescue clone created.,3,2,0,-0.7627102546666675,5.263844960999998,701.0,759,41.861948238689145,47.95783926218709,9.322720029999983
sieve2_ladder_long_res_retest_hold,failed_original,,"Parked original after weak Sieve2 review; not selected for Sieve3, complete-pattern hold, or rescue clone.",3,0,0,-2.754939194,-1.8040317129999996,119.0,121,36.91582729015884,42.14876033057851,5.48346258109286
sieve2_ladder_long_sup_hold,failed_original,sieve2_loosen_ladder_long_sup_hold_broader_trigger,Parked original after weak-but-not-hopeless Sieve2 result; updated top-level rescue clone created.,3,0,0,1.2943526953333333,1.6991963600000004,6.0,6,88.88888888888887,100.0,0.20967330270926732
sieve2_ladder_long_sup_reclaim,failed_original,,"Parked original after weak Sieve2 review; not selected for Sieve3, complete-pattern hold, or rescue clone.",3,0,0,-0.4691222263333333,-0.20416447099999993,16.0,16,35.416666666666664,43.75,1.5505480648940693
sieve2_ladder_short_sup_break,failed_original,,"Parked original after weak Sieve2 review; not selected for Sieve3, complete-pattern hold, or rescue clone.",3,1,0,-3.096490972666667,1.9940846749999988,416.3333333333333,441,40.75953395552402,47.61904761904761,8.860276783389248
sieve2_ladder_short_sup_retest_reject,failed_original,,"Parked original after weak Sieve2 review; not selected for Sieve3, complete-pattern hold, or rescue clone.",3,0,0,-4.799966971,-1.838338824,257.3333333333333,269,38.42945183606424,44.60966542750929,8.22325602574358
sieve2_mtf_d1_bos_bear_cont_short_4h_momentum,failed_original,,"Parked original after weak Sieve2 review; not selected for Sieve3, complete-pattern hold, or rescue clone.",3,0,0,-16.670694937333334,-7.998193966000004,2182.0,2317,40.47629769681934,47.08675010789815,33.09169160700003
sieve2_mtf_d1_bos_bull_cont_long_4h_momentum,failed_original,,"Parked original after weak Sieve2 review; not selected for Sieve3, complete-pattern hold, or rescue clone.",3,0,0,-32.87871990833333,-25.309417294999996,2489.0,2639,38.99201412297109,45.96438044713907,47.230566082479164
sieve2_mtf_d1_prior_high_break_long_4h_local_break,failed_original,,"Parked original after weak Sieve2 review; not selected for Sieve3, complete-pattern hold, or rescue clone.",3,0,0,-5.058730532999999,-1.140063696,259.6666666666667,262,38.09010627151624,42.36641221374045,10.552131308414623
sieve2_mtf_d1_prior_low_break_short_4h_retest,failed_original,,"Parked original after weak Sieve2 review; not selected for Sieve3, complete-pattern hold, or rescue clone.",3,1,1,-0.6981022350000002,3.4265015599999997,152.33333333333334,157,41.07702657400948,44.5859872611465,4.936294573999998
sieve2_mtf_d1_res_break_long_4h_retest,failed_original,,"Parked original after weak Sieve2 review; not selected for Sieve3, complete-pattern hold, or rescue clone.",3,0,0,-3.6473764973333336,-1.5219832250000005,225.33333333333334,229,38.69642568332524,44.97816593886463,7.2903090586592505
sieve2_mtf_d1_res_reject_short_4h_reject,failed_original,,"Parked original after weak Sieve2 review; not selected for Sieve3, complete-pattern hold, or rescue clone.",3,0,0,0.18950386933333338,0.353005214,7.0,7,47.61904761904762,57.14285714285714,0.6210198706240302
sieve2_mtf_d1_support_break_short_4h_local_break,failed_original,,"Parked original after weak Sieve2 review; not selected for Sieve3, complete-pattern hold, or rescue clone.",3,0,0,-11.050357911333336,-8.517488118000001,299.3333333333333,311,34.50358435402928,38.90675241157556,14.970510840806151
sieve2_mtf_d1_support_reclaim_long_4h_reclaim,failed_original,,"Parked original after weak Sieve2 review; not selected for Sieve3, complete-pattern hold, or rescue clone.",3,1,0,-0.19235064300000015,0.36476936199999993,94.66666666666667,95,41.52668906308324,48.421052631578945,2.128395885949037
sieve2_mtf_d1_vah_reject_short_4h_reject,failed_original,sieve2_loosen_mtf_d1_vah_reject_short_4h_reject_broader_trigger,Parked original after weak-but-not-hopeless Sieve2 result; updated top-level rescue clone created.,3,0,0,1.6436744563333334,1.7416031229999998,12.333333333333334,13,69.87179487179488,84.61538461538461,0.621378932864148
sieve2_mtf_d1_vp_value_accept_long_4h_pullback,failed_original,,"Parked original after weak Sieve2 review; not selected for Sieve3, complete-pattern hold, or rescue clone.",3,0,0,-11.521280126333332,-8.537723048999998,714.0,745,38.9751678090883,46.1744966442953,17.925674590131507
sieve2_mtf_h4_bos_bear_cont_short_1h_momentum,failed_original,,"Parked original after weak Sieve2 review; not selected for Sieve3, complete-pattern hold, or rescue clone.",3,0,0,-45.050713908666665,-31.870099984000007,5738.666666666667,6633,40.12217612006355,47.836574702246345,60.535289280957336
sieve2_mtf_h4_bos_bull_cont_long_1h_momentum,failed_original,,"Parked original after weak Sieve2 review; not selected for Sieve3, complete-pattern hold, or rescue clone.",3,0,0,-37.73831287033334,-23.108208562000005,7145.666666666667,8102,40.886474150567814,48.741051592199454,57.59012805083068
sieve2_mtf_h4_bos_bull_long_1h_pullback,failed_original,sieve2_overtrade_mtf_h4_bos_bull_long_1h_pullback_vp_market_guard,Parked original after weak-but-not-hopeless Sieve2 result; updated top-level rescue clone created.,3,1,0,-6.053612551333335,8.990758193999996,1958.3333333333333,2068,41.57330163669538,48.887814313346226,22.983930441649523
sieve2_mtf_h4_demand_breakdown_short_1h_local_break,failed_original,,"Parked original after weak Sieve2 review; not selected for Sieve3, complete-pattern hold, or rescue clone.",3,0,0,-11.64414355066667,-9.268071705,386.0,410,35.60158019398407,42.19512195121951,15.335482091969011
sieve2_mtf_h4_falling_res_short_1h_pullback,failed_original,,"Parked original after weak Sieve2 review; not selected for Sieve3, complete-pattern hold, or rescue clone.",3,2,1,1.5890822859999998,2.000558069,183.0,187,44.689754689754686,54.54545454545454,3.663453744593375
sieve2_mtf_h4_prior_high_break_long_1h_retest,failed_original,sieve2_overtrade_mtf_h4_prior_high_break_long_1h_retest_vp_market_guard,Parked original after weak-but-not-hopeless Sieve2 result; updated top-level rescue clone created.,3,2,0,0.7591949576666663,5.604979617000001,647.3333333333334,696,42.56376665084965,50.0,8.366336307360196
sieve2_mtf_h4_prior_low_break_short_1h_retest,failed_original,,"Parked original after weak Sieve2 review; not selected for Sieve3, complete-pattern hold, or rescue clone.",3,0,0,-3.7041279383333325,-1.2810491459999989,604.0,641,40.979783072268326,49.297971918876755,14.280437551339158
sieve2_mtf_h4_res_break_long_1h_local_break,failed_original,,"Parked original after weak Sieve2 review; not selected for Sieve3, complete-pattern hold, or rescue clone.",3,0,0,-7.273844733,-3.1395128629999998,959.0,1051,40.716774418226954,48.43006660323502,16.032882785430527
sieve2_mtf_h4_res_break_long_1h_retest,failed_original,sieve2_overtrade_mtf_h4_res_break_long_1h_retest_vp_market_guard,Parked original after weak-but-not-hopeless Sieve2 result; updated top-level rescue clone created.,3,1,0,-3.2788746630000003,3.601879525999998,1111.6666666666667,1192,41.66178812217563,49.24496644295302,12.447818669882277
sieve2_mtf_h4_res_reject_short_1h_reject,failed_original,,"Parked original after weak Sieve2 review; not selected for Sieve3, complete-pattern hold, or rescue clone.",3,1,1,0.7244679603333334,1.9100051359999999,86.0,88,44.090909090909086,52.27272727272727,2.4378203326854613
sieve2_mtf_h4_supply_breakout_long_1h_local_break,failed_original,sieve2_overtrade_mtf_h4_supply_breakout_long_1h_local_break_vp_market_guard,Parked original after weak-but-not-hopeless Sieve2 result; updated top-level rescue clone created.,3,1,0,-3.7535917063333333,1.8739031760000004,689.6666666666666,726,41.09177174310068,48.34710743801653,12.70828198195863
sieve2_mtf_h4_support_break_short_1h_retest,failed_original,,"Parked original after weak Sieve2 review; not selected for Sieve3, complete-pattern hold, or rescue clone.",3,0,0,-6.440990745333333,-2.592497129999998,972.6666666666666,1058,40.86990928657875,49.52741020793951,21.738578285098512
sieve2_mtf_h4_support_reclaim_long_1h_reclaim,failed_original,,"Parked original after weak Sieve2 review; not selected for Sieve3, complete-pattern hold, or rescue clone.",3,0,0,-15.740928903333332,-13.057026257999995,1227.6666666666667,1253,39.21663762748893,47.007182761372704,22.262627291490382
sieve2_mtf_h4_vah_reject_short_1h_reject,failed_original,,"Parked original after weak Sieve2 review; not selected for Sieve3, complete-pattern hold, or rescue clone.",3,0,0,-15.594985945333335,-14.790046802,449.3333333333333,459,34.25447382030228,42.26579520697168,16.961115914027307
sieve2_mtf_h4_vp_breakdown_short_1h_momentum,failed_original,,"Parked original after weak Sieve2 review; not selected for Sieve3, complete-pattern hold, or rescue clone.",3,0,0,-20.869454466,-13.173711036999999,3136.3333333333335,3567,40.691509180408815,48.8645920941968,33.02620672866547
sieve2_mtf_h4_vp_breakout_accept_long_1h_momentum,failed_original,,"Parked original after weak Sieve2 review; not selected for Sieve3, complete-pattern hold, or rescue clone.",3,0,0,-34.831534831333336,-27.957724139000007,3695.0,4157,39.895850115563945,47.53427952850613,49.057418193470774
sieve2_mtf_h4_vp_node_break_long_1h_retest,failed_original,,"Parked original after weak Sieve2 review; not selected for Sieve3, complete-pattern hold, or rescue clone.",3,0,0,-9.590550947333334,-1.9058478160000047,1233.6666666666667,1339,40.49300409136526,47.722180731889466,20.860764747569803
sieve2_mtf_h4_vp_node_reject_short_1h_reject,failed_original,,"Parked original after weak Sieve2 review; not selected for Sieve3, complete-pattern hold, or rescue clone.",3,0,0,-1.7063805010000002,-0.7239744370000014,226.66666666666666,230,40.51562872166951,49.56521739130435,6.484964303117141
sieve2_mtf_h4_vp_value_accept_long_1h_pullback,failed_original,,"Parked original after weak Sieve2 review; not selected for Sieve3, complete-pattern hold, or rescue clone.",3,0,0,-9.287081729,-5.0206272080000005,561.0,575,38.71509748722761,45.04347826086956,14.400126373010327
sieve2_multi2_prior_vp_breakdown_short,failed_original,sieve2_overtrade_multi2_prior_vp_breakdown_short_vp_market_guard,Parked original after weak-but-not-hopeless Sieve2 result; updated top-level rescue clone created.,3,2,0,1.8288876753333323,5.956243514999998,591.6666666666666,604,42.60392779272209,50.0,7.871720249242424
sieve2_multi2_supply_vp_reject_short,failed_original,,"Parked original after weak Sieve2 review; not selected for Sieve3, complete-pattern hold, or rescue clone.",3,0,0,-1.454788028,-0.6764418470000001,113.0,113,38.64306784660767,44.24778761061947,6.7687140868194495
sieve2_multi2_tlv2_boschoch_fall_res_ride_bos_bear_short_1d,failed_original,,"Parked original after weak Sieve2 review; not selected for Sieve3, complete-pattern hold, or rescue clone.",3,0,0,0.0,0.0,0.0,0,0.0,0.0,0.0
sieve2_multi2_tlv2_boschoch_fall_res_ride_bos_bear_short_4h,failed_original,,"Parked original after weak Sieve2 review; not selected for Sieve3, complete-pattern hold, or rescue clone.",3,1,0,-0.24313973433333355,1.0816972909999998,39.0,39,39.31623931623932,41.02564102564102,2.5808086337255287
sieve2_multi2_tlv2_boschoch_fall_res_ride_bos_bear_short_8h,failed_original,,"Parked original after weak Sieve2 review; not selected for Sieve3, complete-pattern hold, or rescue clone.",3,0,0,0.9973133020000001,1.7341812350000003,19.0,19,54.385964912280706,57.89473684210527,0.4633713000993197
sieve2_multi2_tlv2_boschoch_res_break_bos_bull_long_1d,failed_original,,"Parked original after weak Sieve2 review; not selected for Sieve3, complete-pattern hold, or rescue clone.",3,0,0,-0.30905012933333337,0.365629763,18.0,18,38.88888888888889,38.88888888888889,1.6926315870557935
sieve2_multi2_tlv2_boschoch_res_break_bos_bull_long_4h,failed_original,,"Parked original after weak Sieve2 review; not selected for Sieve3, complete-pattern hold, or rescue clone.",3,0,0,0.25119408866666665,0.727144244,12.0,12,47.22222222222222,66.66666666666666,0.7863189646584778
sieve2_multi2_tlv2_boschoch_res_prox_reject_choch_bear_short_8h,failed_original,,"Parked original after weak Sieve2 review; not selected for Sieve3, complete-pattern hold, or rescue clone.",3,1,0,-0.1383789643333332,0.40219837900000016,75.33333333333333,76,41.524419155998096,48.68421052631579,3.4126802750738587
sieve2_multi2_tlv2_boschoch_res_reject_choch_bear_short_1d,failed_original,,"Parked original after weak Sieve2 review; not selected for Sieve3, complete-pattern hold, or rescue clone.",3,0,0,-0.207191329,-0.207191329,1.0,1,0.0,0.0,0.20719132899999979
sieve2_multi2_tlv2_boschoch_res_reject_choch_bear_short_4h,failed_original,sieve2_loosen_multi2_tlv2_boschoch_res_reject_choch_bear_short_4h_broader_trigger,Parked original after weak-but-not-hopeless Sieve2 result; updated top-level rescue clone created.,3,0,0,1.8052161413333334,2.159460725,13.0,13,69.23076923076924,76.92307692307693,0.25641063886000276
sieve2_multi2_tlv2_boschoch_res_reject_choch_bear_short_8h,failed_original,,"Parked original after weak Sieve2 review; not selected for Sieve3, complete-pattern hold, or rescue clone.",3,0,0,0.3270706106666667,0.504950479,7.0,7,52.38095238095238,57.14285714285714,0.43560302540696416
sieve2_multi2_tlv2_boschoch_ris_sup_ride_bos_bull_long_1d,failed_original,,"Parked original after weak Sieve2 review; not selected for Sieve3, complete-pattern hold, or rescue clone.",3,0,0,-1.7211235373333336,-1.3612602370000002,18.0,18,22.222222222222218,22.22222222222222,2.040497622999999
sieve2_multi2_tlv2_boschoch_ris_sup_ride_bos_bull_long_1h,failed_original,,"Parked original after weak Sieve2 review; not selected for Sieve3, complete-pattern hold, or rescue clone.",3,0,0,0.3417392253333333,0.736810181,8.0,8,50.0,50.0,0.41828137400000287
sieve2_multi2_tlv2_boschoch_ris_sup_ride_bos_bull_long_8h,failed_original,sieve2_loosen_multi2_tlv2_boschoch_ris_sup_ride_bos_bull_long_8h_broader_trigger,Parked original after weak-but-not-hopeless Sieve2 result; updated top-level rescue clone created.,3,0,0,1.7942506390000001,2.2073263119999997,16.0,16,64.58333333333333,68.75,0.6524841977841672
sieve2_multi2_tlv2_boschoch_sup_bounce_choch_bull_long_1d,failed_original,,"Parked original after weak Sieve2 review; not selected for Sieve3, complete-pattern hold, or rescue clone.",3,0,0,0.21965558666666665,0.356293883,10.0,10,46.666666666666664,60.0,0.9111916175878245
sieve2_multi2_tlv2_boschoch_sup_bounce_choch_bull_long_1h,failed_original,,"Parked original after weak Sieve2 review; not selected for Sieve3, complete-pattern hold, or rescue clone.",3,2,1,1.1341215816666665,2.0876037839999997,80.33333333333333,81,45.19547325102881,53.086419753086425,1.8329689007866574
sieve2_multi2_tlv2_boschoch_sup_bounce_choch_bull_long_8h,failed_original,,"Parked original after weak Sieve2 review; not selected for Sieve3, complete-pattern hold, or rescue clone.",3,0,0,-0.03628509033333338,0.20246178099999992,9.0,9,40.74074074074074,55.55555555555556,0.6893084305928141
sieve2_multi2_tlv2_boschoch_sup_break_bos_bear_short_1d,failed_original,,"Parked original after weak Sieve2 review; not selected for Sieve3, complete-pattern hold, or rescue clone.",3,1,1,-0.7622216696666665,1.219660041,55.0,55,38.18181818181819,38.18181818181819,3.1942637849508895
sieve2_multi2_tlv2_boschoch_sup_break_bos_bear_short_8h,failed_original,,"Parked original after weak Sieve2 review; not selected for Sieve3, complete-pattern hold, or rescue clone.",3,0,0,-0.4608715026666667,-0.40172589900000005,6.0,6,22.222222222222218,33.33333333333333,0.8380152428243202
sieve2_multi2_tlv2_boschoch_sup_reclaim_choch_bull_long_1d,failed_original,,"Parked original after weak Sieve2 review; not selected for Sieve3, complete-pattern hold, or rescue clone.",3,0,0,0.43846937966666677,0.8618127250000005,16.0,16,47.916666666666664,56.25,0.8361135299587572
sieve2_multi2_tlv2_boschoch_sup_reclaim_choch_bull_long_1h,failed_original,,"Parked original after weak Sieve2 review; not selected for Sieve3, complete-pattern hold, or rescue clone.",3,0,0,0.2803749106666668,0.5797354700000001,7.0,7,57.14285714285714,57.14285714285714,0.6185787720000008
sieve2_multi2_tlv2_boschoch_sup_reclaim_choch_bull_long_8h,failed_original,,"Parked original after weak Sieve2 review; not selected for Sieve3, complete-pattern hold, or rescue clone.",3,0,0,0.43825994666666673,0.632768544,3.0,3,66.66666666666666,66.66666666666666,0.14649893209927728
sieve2_multi2_tlv2_vp_fall_res_ride_vp_node_short_1d,failed_original,,"Parked original after weak Sieve2 review; not selected for Sieve3, complete-pattern hold, or rescue clone.",3,0,0,-0.6230945753333333,-0.42442457100000003,8.0,8,25.0,25.0,1.21537339575666
sieve2_multi2_tlv2_vp_fall_res_ride_vp_node_short_8h,failed_original,,"Parked original after weak Sieve2 review; not selected for Sieve3, complete-pattern hold, or rescue clone.",3,0,0,0.39163070299999997,0.592110893,3.0,3,66.66666666666666,66.66666666666666,0.20475640323119898
sieve2_multi2_tlv2_vp_fall_res_ride_vp_vah_short_8h,failed_original,,"Parked original after weak Sieve2 review; not selected for Sieve3, complete-pattern hold, or rescue clone.",3,1,1,0.12101848233333357,2.1256827810000005,100.0,103,42.22933973909852,48.54368932038835,2.825888725052974
sieve2_multi2_tlv2_vp_res_break_vp_bullctx_long_1d,failed_original,,"Parked original after weak Sieve2 review; not selected for Sieve3, complete-pattern hold, or rescue clone.",3,2,0,1.0053147726666667,2.3730312959999997,32.0,32,47.916666666666664,50.0,1.0749851714867937
sieve2_multi2_tlv2_vp_res_break_vp_bullctx_long_4h,failed_original,,"Parked original after weak Sieve2 review; not selected for Sieve3, complete-pattern hold, or rescue clone.",3,0,0,0.15533138766666668,0.5449746139999999,12.0,12,44.44444444444445,50.0,0.9862410705536586
sieve2_multi2_tlv2_vp_res_break_vp_bullctx_long_8h,failed_original,,"Parked original after weak Sieve2 review; not selected for Sieve3, complete-pattern hold, or rescue clone.",3,0,0,0.5788546093333333,0.771850738,2.0,2,100.0,100.0,0.0
sieve2_multi2_tlv2_vp_res_break_vp_node_long_1d,failed_original,,"Parked original after weak Sieve2 review; not selected for Sieve3, complete-pattern hold, or rescue clone.",3,2,0,1.1087210056666663,2.7532194449999996,35.0,35,48.57142857142858,48.57142857142857,1.3937153955129689
sieve2_multi2_tlv2_vp_res_break_vp_node_long_1h,failed_original,,"Parked original after weak Sieve2 review; not selected for Sieve3, complete-pattern hold, or rescue clone.",3,2,1,0.8733016460000003,2.1612681540000005,93.33333333333333,94,43.90681003584229,50.0,2.5324481355985005
sieve2_multi2_tlv2_vp_res_break_vp_node_long_8h,failed_original,,"Parked original after weak Sieve2 review; not selected for Sieve3, complete-pattern hold, or rescue clone.",3,0,0,0.8807601186666666,1.1747754329999998,3.0,3,100.0,100.0,0.0
sieve2_multi2_tlv2_vp_res_break_vp_val_long_1h,failed_original,sieve2_overtrade_multi2_tlv2_vp_res_break_vp_val_long_1h_vp_market_guard,Parked original after weak-but-not-hopeless Sieve2 result; updated top-level rescue clone created.,3,2,1,3.362709427666667,5.561603193000001,523.0,529,43.844438023554666,52.36294896030246,8.17528661648549
sieve2_multi2_tlv2_vp_res_break_vp_val_long_8h,failed_original,,"Parked original after weak Sieve2 review; not selected for Sieve3, complete-pattern hold, or rescue clone.",3,0,0,0.9872701063333333,1.176485843,4.0,4,91.66666666666667,100.0,0.1666308049999998
sieve2_multi2_tlv2_vp_res_prox_reject_vp_bearctx_short_1d,failed_original,,"Parked original after weak Sieve2 review; not selected for Sieve3, complete-pattern hold, or rescue clone.",3,0,0,0.48922170400000003,0.6523034790000001,2.0,2,100.0,100.0,0.0
sieve2_multi2_tlv2_vp_res_prox_reject_vp_bearctx_short_8h,failed_original,,"Parked original after weak Sieve2 review; not selected for Sieve3, complete-pattern hold, or rescue clone.",3,0,0,0.7551778153333332,1.225840089,8.0,8,62.5,62.5,0.6440255782150495
sieve2_multi2_tlv2_vp_res_prox_reject_vp_node_short_1d,failed_original,,"Parked original after weak Sieve2 review; not selected for Sieve3, complete-pattern hold, or rescue clone.",3,0,0,-2.001157549333333,-1.420306919,35.0,35,31.428571428571427,34.285714285714285,3.0500339181065907
sieve2_multi2_tlv2_vp_res_prox_reject_vp_node_short_1h,failed_original,,"Parked original after weak Sieve2 review; not selected for Sieve3, complete-pattern hold, or rescue clone.",3,0,0,-1.6424896666666668,-0.6611080429999999,102.66666666666667,103,38.942826321467095,46.601941747572816,3.4964649266490766
sieve2_multi2_tlv2_vp_res_prox_reject_vp_node_short_4h,failed_original,,"Parked original after weak Sieve2 review; not selected for Sieve3, complete-pattern hold, or rescue clone.",3,1,0,-0.8348605803333333,0.43894747000000006,87.33333333333333,89,39.26146847314954,43.82022471910113,3.496832560443653
sieve2_multi2_tlv2_vp_res_prox_reject_vp_node_short_8h,failed_original,,"Parked original after weak Sieve2 review; not selected for Sieve3, complete-pattern hold, or rescue clone.",3,0,0,0.05458228499999993,0.32360251199999995,19.0,19,42.10526315789473,47.368421052631575,1.247477818806071
sieve2_multi2_tlv2_vp_res_prox_reject_vp_vah_short_1h,failed_original,,"Parked original after weak Sieve2 review; not selected for Sieve3, complete-pattern hold, or rescue clone.",3,0,0,-0.8753521939999999,-0.39316800300000004,33.0,34,37.273469994058225,41.17647058823529,2.1568375718648722
sieve2_multi2_tlv2_vp_res_prox_reject_vp_vah_short_8h,failed_original,,"Parked original after weak Sieve2 review; not selected for Sieve3, complete-pattern hold, or rescue clone.",3,0,0,0.335418418,0.8065653060000001,19.333333333333332,20,43.07017543859649,47.368421052631575,1.7250916129638276
sieve2_multi2_tlv2_vp_res_reject_vp_bearctx_short_1d,failed_original,,"Parked original after weak Sieve2 review; not selected for Sieve3, complete-pattern hold, or rescue clone.",3,0,0,0.8589963690000001,1.1039466110000002,6.0,6,72.22222222222221,83.33333333333334,0.4198082241784808
sieve2_multi2_tlv2_vp_res_reject_vp_bearctx_short_1h,failed_original,,"Parked original after weak Sieve2 review; not selected for Sieve3, complete-pattern hold, or rescue clone.",3,2,1,1.4890436173333332,4.466167743999999,333.3333333333333,341,43.0041833237332,50.146627565982406,4.876165612111872
sieve2_multi2_tlv2_vp_res_reject_vp_node_short_1d,failed_original,,"Parked original after weak Sieve2 review; not selected for Sieve3, complete-pattern hold, or rescue clone.",3,0,0,-1.679661714333333,-1.2501444059999998,38.0,38,32.4561403508772,34.21052631578947,2.555003523999994
sieve2_multi2_tlv2_vp_res_reject_vp_node_short_8h,failed_original,sieve2_loosen_multi2_tlv2_vp_res_reject_vp_node_short_8h_broader_trigger,Parked original after weak-but-not-hopeless Sieve2 result; updated top-level rescue clone created.,3,0,0,1.7549133506666665,2.461318542,9.0,9,77.77777777777779,77.77777777777779,0.22734719534911485
sieve2_multi2_tlv2_vp_res_reject_vp_vah_short_1h,failed_original,,"Parked original after weak Sieve2 review; not selected for Sieve3, complete-pattern hold, or rescue clone.",3,1,1,-0.08216604233333302,1.5078131150000005,123.33333333333333,126,41.829300026021336,47.61904761904761,5.560960754441668
sieve2_multi2_tlv2_vp_res_reject_vp_vah_short_8h,failed_original,,"Parked original after weak Sieve2 review; not selected for Sieve3, complete-pattern hold, or rescue clone.",3,0,0,0.6715922713333334,1.0347025000000003,10.0,10,53.333333333333336,60.0,0.5334040950405914
sieve2_multi2_tlv2_vp_ris_sup_ride_vp_bullctx_long_1d,failed_original,,"Parked original after weak Sieve2 review; not selected for Sieve3, complete-pattern hold, or rescue clone.",3,0,0,-0.7639829490000002,-0.7639829490000001,4.0,4,0.0,0.0,0.7639829490000011
sieve2_multi2_tlv2_vp_ris_sup_ride_vp_bullctx_long_1h,failed_original,,"Parked original after weak Sieve2 review; not selected for Sieve3, complete-pattern hold, or rescue clone.",3,0,0,-0.6245062843333334,-0.225304903,15.333333333333334,16,34.72222222222222,37.5,1.158335855282606
sieve2_multi2_tlv2_vp_ris_sup_ride_vp_node_long_1d,failed_original,,"Parked original after weak Sieve2 review; not selected for Sieve3, complete-pattern hold, or rescue clone.",3,0,0,0.0,0.0,0.0,0,0.0,0.0,0.0
sieve2_multi2_tlv2_vp_ris_sup_ride_vp_val_long_1d,failed_original,,"Parked original after weak Sieve2 review; not selected for Sieve3, complete-pattern hold, or rescue clone.",3,0,0,0.5734354906666668,1.1220746250000002,9.333333333333334,10,53.7037037037037,55.55555555555556,0.23188165434536284
sieve2_multi2_tlv2_vp_ris_sup_ride_vp_val_long_1h,failed_original,,"Parked original after weak Sieve2 review; not selected for Sieve3, complete-pattern hold, or rescue clone.",3,0,0,-1.7205061836666669,-1.3678076000000001,26.0,28,29.09523809523809,39.285714285714285,2.4812662189121766
sieve2_multi2_tlv2_vp_sup_bounce_vp_bullctx_long_1d,failed_original,,"Parked original after weak Sieve2 review; not selected for Sieve3, complete-pattern hold, or rescue clone.",3,0,0,-0.01652328866666671,0.255652351,7.0,7,42.857142857142854,42.857142857142854,0.6713700121717168
sieve2_multi2_tlv2_vp_sup_bounce_vp_bullctx_long_1h,failed_original,,"Parked original after weak Sieve2 review; not selected for Sieve3, complete-pattern hold, or rescue clone.",3,0,0,-1.7550178963333334,0.8933129419999997,280.6666666666667,297,41.44606103179661,52.18855218855219,8.973148967098627
sieve2_multi2_tlv2_vp_sup_bounce_vp_bullctx_long_4h,failed_original,,"Parked original after weak Sieve2 review; not selected for Sieve3, complete-pattern hold, or rescue clone.",3,0,0,0.413206978,0.5878597759999998,6.0,6,55.55555555555555,66.66666666666666,0.3896329227723376
sieve2_multi2_tlv2_vp_sup_bounce_vp_node_long_1d,failed_original,,"Parked original after weak Sieve2 review; not selected for Sieve3, complete-pattern hold, or rescue clone.",3,0,0,0.36953123266666665,0.8408446970000001,10.0,10,50.0,50.0,0.6785572946166181
sieve2_multi2_tlv2_vp_sup_bounce_vp_node_long_1h,failed_original,sieve2_overtrade_multi2_tlv2_vp_sup_bounce_vp_node_long_1h_vp_market_guard,Parked original after weak-but-not-hopeless Sieve2 result; updated top-level rescue clone created.,3,2,1,9.405682568333331,11.326768949999998,843.0,897,44.516930022255735,54.18060200668896,12.089813154842119
sieve2_multi2_tlv2_vp_sup_bounce_vp_node_long_8h,failed_original,sieve2_loosen_multi2_tlv2_vp_sup_bounce_vp_node_long_8h_broader_trigger,Parked original after weak-but-not-hopeless Sieve2 result; updated top-level rescue clone created.,3,0,0,1.2196617859999999,1.8043776730000003,7.0,8,76.5873015873016,83.33333333333334,0.23220127955346356
sieve2_multi2_tlv2_vp_sup_bounce_vp_val_long_1h,failed_original,,"Parked original after weak Sieve2 review; not selected for Sieve3, complete-pattern hold, or rescue clone.",3,1,0,-0.6308174196666667,0.5704521770000001,41.0,41,38.21138211382114,41.46341463414634,2.316300182653781
sieve2_multi2_tlv2_vp_sup_bounce_vp_val_long_8h,failed_original,,"Parked original after weak Sieve2 review; not selected for Sieve3, complete-pattern hold, or rescue clone.",3,0,0,0.785819747,1.195788374,4.0,4,83.33333333333333,100.0,0.42915410671607435
sieve2_multi2_tlv2_vp_sup_break_vp_bearctx_short_1d,failed_original,,"Parked original after weak Sieve2 review; not selected for Sieve3, complete-pattern hold, or rescue clone.",3,0,0,0.49409445999999996,0.793563798,5.0,5,60.0,60.0,0.3981980347959719
sieve2_multi2_tlv2_vp_sup_break_vp_bearctx_short_4h,failed_original,,"Parked original after weak Sieve2 review; not selected for Sieve3, complete-pattern hold, or rescue clone.",3,0,0,0.35447647833333334,0.4948453990000001,6.0,6,55.55555555555555,66.66666666666666,0.41677990422731603
sieve2_multi2_tlv2_vp_sup_break_vp_bearctx_short_8h,failed_original,,"Parked original after weak Sieve2 review; not selected for Sieve3, complete-pattern hold, or rescue clone.",3,0,0,0.4201730746666667,0.782931599,8.0,8,50.0,50.0,0.537171122728888
sieve2_multi2_tlv2_vp_sup_break_vp_node_short_1d,failed_original,,"Parked original after weak Sieve2 review; not selected for Sieve3, complete-pattern hold, or rescue clone.",3,0,0,0.19344406533333333,0.390827088,4.0,4,50.0,50.0,0.39838260223606153
sieve2_multi2_tlv2_vp_sup_break_vp_node_short_1h,failed_original,sieve2_overtrade_multi2_tlv2_vp_sup_break_vp_node_short_1h_vp_market_guard,Parked original after weak-but-not-hopeless Sieve2 result; updated top-level rescue clone created.,3,2,2,6.391028755333333,9.584711751,896.0,917,43.78380139840015,51.4721919302072,8.234316761959406
sieve2_multi2_tlv2_vp_sup_break_vp_node_short_8h,failed_original,sieve2_overtrade_multi2_tlv2_vp_sup_break_vp_node_short_8h_vp_market_guard,Parked original after weak-but-not-hopeless Sieve2 result; updated top-level rescue clone created.,3,2,2,10.404822355666667,19.345766131,775.3333333333334,794,44.74409975529852,51.13350125944584,7.164416407365621
sieve2_multi2_tlv2_vp_sup_break_vp_vah_short_1h,failed_original,,"Parked original after weak Sieve2 review; not selected for Sieve3, complete-pattern hold, or rescue clone.",3,0,0,-15.16273556966667,-13.455070531000002,2066.0,2115,40.64787366121161,49.0307328605201,21.549188805054527
sieve2_multi2_tlv2_vp_sup_break_vp_vah_short_4h,failed_original,,"Parked original after weak Sieve2 review; not selected for Sieve3, complete-pattern hold, or rescue clone.",3,0,0,-3.667978928666667,-2.890156325,283.6666666666667,289,39.399516057964426,46.71280276816609,6.512944455232611
sieve2_multi2_tlv2_vp_sup_break_vp_vah_short_8h,failed_original,sieve2_overtrade_multi2_tlv2_vp_sup_break_vp_vah_short_8h_vp_market_guard,Parked original after weak-but-not-hopeless Sieve2 result; updated top-level rescue clone created.,3,2,0,0.3692023949999994,7.865355767,1006.3333333333334,1024,42.06216394075302,48.14453125,16.674781191062806
sieve2_multi2_tlv2_vp_sup_reclaim_vp_bullctx_long_1d,failed_original,,"Parked original after weak Sieve2 review; not selected for Sieve3, complete-pattern hold, or rescue clone.",3,0,0,0.403648223,0.677874591,5.0,5,60.0,60.0,0.4166513879373056
sieve2_multi2_tlv2_vp_sup_reclaim_vp_bullctx_long_1h,failed_original,,"Parked original after weak Sieve2 review; not selected for Sieve3, complete-pattern hold, or rescue clone.",3,2,1,3.5212666256666663,5.044172453,435.6666666666667,455,44.0779085597797,52.74725274725275,9.221892399082488
sieve2_multi2_tlv2_vp_sup_reclaim_vp_bullctx_long_4h,failed_original,,"Parked original after weak Sieve2 review; not selected for Sieve3, complete-pattern hold, or rescue clone.",3,0,0,1.0124453383333334,1.381291114,8.0,8,66.66666666666667,75.0,0.20916106572116724
sieve2_multi2_tlv2_vp_sup_reclaim_vp_node_long_1h,failed_original,sieve2_overtrade_multi2_tlv2_vp_sup_reclaim_vp_node_long_1h_vp_market_guard,Parked original after weak-but-not-hopeless Sieve2 result; updated top-level rescue clone created.,3,1,0,-0.5607882563333334,0.8986148449999999,644.6666666666666,673,42.336325315102336,50.66864784546805,12.559077909158244
sieve2_multi2_tlv2_vp_sup_reclaim_vp_node_long_4h,failed_original,,"Parked original after weak Sieve2 review; not selected for Sieve3, complete-pattern hold, or rescue clone.",3,0,0,0.5450434103333334,1.0366312960000001,10.0,10,50.0,50.0,0.7303442490248674
sieve2_multi2_tlv2_vp_sup_reclaim_vp_val_long_1d,failed_original,,"Parked original after weak Sieve2 review; not selected for Sieve3, complete-pattern hold, or rescue clone.",3,0,0,0.5735673093333333,1.0350789790000001,9.0,9,55.555555555555564,55.55555555555556,0.6254572084134999
sieve2_multi2_tlv2_vp_sup_reclaim_vp_val_long_1h,failed_original,sieve2_overtrade_multi2_tlv2_vp_sup_reclaim_vp_val_long_1h_vp_market_guard,Parked original after weak-but-not-hopeless Sieve2 result; updated top-level rescue clone created.,3,1,0,0.05878713466666552,1.0448831729999994,1065.3333333333333,1128,42.46208617161439,51.59574468085106,12.283460801597332
sieve2_multi2_tlv2_vp_sup_reclaim_vp_val_long_4h,failed_original,,"Parked original after weak Sieve2 review; not selected for Sieve3, complete-pattern hold, or rescue clone.",3,0,0,0.5679143966666665,1.042247242,13.0,13,48.71794871794872,53.84615384615385,0.617213638770526
sieve2_multi2_vp_prior_day_high_break_vp_bullctx_long,failed_original,sieve2_overtrade_multi2_vp_prior_day_high_break_vp_bullctx_long_vp_market_guard,Parked original after weak-but-not-hopeless Sieve2 result; updated top-level rescue clone created.,3,2,1,6.472957506999999,11.475640360000003,1158.3333333333333,1193,43.45258595725866,51.131601005867566,14.365751322550993
sieve2_multi2_vp_prior_day_high_break_vp_node_long,failed_original,sieve2_overtrade_multi2_vp_prior_day_high_break_vp_node_long_vp_market_guard,Parked original after weak-but-not-hopeless Sieve2 result; updated top-level rescue clone created.,3,2,1,12.949035409666664,27.346900589999994,2056.0,2116,43.522626064041845,50.89792060491494,14.766041518704249
sieve2_multi2_vp_prior_day_high_break_vp_val_long,failed_original,sieve2_overtrade_multi2_vp_prior_day_high_break_vp_val_long_vp_market_guard,Parked original after weak-but-not-hopeless Sieve2 result; updated top-level rescue clone created.,3,2,0,12.87061078833333,27.483676034,2929.0,3039,43.165175573117494,50.70746956235603,18.2792512517466
sieve2_multi2_vp_prior_day_low_break_vp_bearctx_short,failed_original,sieve2_overtrade_multi2_vp_prior_day_low_break_vp_bearctx_short_vp_market_guard,Parked original after weak-but-not-hopeless Sieve2 result; updated top-level rescue clone created.,3,1,0,-1.4625645279999995,0.6751759960000008,656.3333333333334,669,41.64590977002756,49.47683109118087,10.312478569834422
sieve2_multi2_vp_prior_day_low_break_vp_node_short,failed_original,,"Parked original after weak Sieve2 review; not selected for Sieve3, complete-pattern hold, or rescue clone.",3,0,0,-2.563194015333333,-1.5007426639999994,89.33333333333333,90,35.80108198085726,41.11111111111111,4.13995575379489
sieve2_multi2_vp_prior_day_low_break_vp_vah_short,failed_original,sieve2_overtrade_multi2_vp_prior_day_low_break_vp_vah_short_vp_market_guard,Parked original after weak-but-not-hopeless Sieve2 result; updated top-level rescue clone created.,3,2,0,6.243066539000002,7.499929309000004,2795.0,2901,42.85974365414584,51.74077904170975,21.331374664352968
sieve2_multi2_vp_prior_equal_highs_reject_vp_node_short,failed_original,,"Parked original after weak Sieve2 review; not selected for Sieve3, complete-pattern hold, or rescue clone.",3,0,0,0.09223459566666664,0.191276078,2.0,2,50.0,50.0,0.2059057960859567
sieve2_multi2_vp_prior_equal_lows_reclaim_vp_val_long,failed_original,,"Parked original after weak Sieve2 review; not selected for Sieve3, complete-pattern hold, or rescue clone.",3,0,0,0.9312276856666667,1.341140156,10.0,10,63.333333333333336,70.0,0.8436942314490363
sieve2_multi2_vp_prior_month_low_break_vp_bearctx_short,failed_original,,"Parked original after weak Sieve2 review; not selected for Sieve3, complete-pattern hold, or rescue clone.",3,1,0,-1.446103512666667,0.11504307099999948,134.33333333333334,135,39.43983784779805,45.18518518518518,4.056493352285947
sieve2_multi2_vp_prior_month_low_break_vp_node_short,failed_original,,"Parked original after weak Sieve2 review; not selected for Sieve3, complete-pattern hold, or rescue clone.",3,0,0,-2.713704779666667,-1.2600169860000001,292.0,298,40.326624066788376,47.98657718120805,9.364256534314473
sieve2_multi2_vp_prior_range_high_reject_vp_node_short,failed_original,,"Parked original after weak Sieve2 review; not selected for Sieve3, complete-pattern hold, or rescue clone.",3,0,0,0.163055078,0.35858728299999987,9.0,9,40.74074074074074,44.44444444444444,0.5622871382908762
sieve2_multi2_vp_prior_range_high_reject_vp_vah_short,failed_original,,"Parked original after weak Sieve2 review; not selected for Sieve3, complete-pattern hold, or rescue clone.",3,0,0,-0.0037978293333332616,0.49721821800000005,11.0,11,42.42424242424242,63.63636363636363,1.5401482931584902
sieve2_multi2_vp_prior_range_low_reclaim_vp_val_long,failed_original,,"Parked original after weak Sieve2 review; not selected for Sieve3, complete-pattern hold, or rescue clone.",3,1,0,0.13487285666666646,0.8997075789999996,49.0,49,42.85714285714286,51.02040816326531,1.6516961677229165
sieve2_multi2_vp_prior_week_low_break_vp_bearctx_short,failed_original,sieve2_overtrade_multi2_vp_prior_week_low_break_vp_bearctx_short_vp_market_guard,Parked original after weak-but-not-hopeless Sieve2 result; updated top-level rescue clone created.,3,2,1,3.2287521543333333,4.7655537699999995,496.6666666666667,512,43.79493052302562,52.734375,4.86061967676584
sieve2_multi2_vp_prior_week_low_break_vp_node_short,failed_original,,"Parked original after weak Sieve2 review; not selected for Sieve3, complete-pattern hold, or rescue clone.",3,0,0,-3.219962725999999,-1.1492946519999996,734.6666666666666,756,41.45766833865329,50.0,9.089321648444258
sieve2_multi3_prior_avwap_vp_breakdown_short,failed_original,sieve2_overtrade_multi3_prior_avwap_vp_breakdown_short_vp_market_guard,Parked original after weak-but-not-hopeless Sieve2 result; updated top-level rescue clone created.,3,2,0,0.18056200366666583,2.871234093999998,690.6666666666666,701,42.2045919084653,50.21398002853067,11.815943645412126
sieve2_multi4_prior_range_avwap_vp_breakdown_short,failed_original,,"Parked original after weak Sieve2 review; not selected for Sieve3, complete-pattern hold, or rescue clone.",3,2,0,0.46171226233333346,2.3243078109999993,273.3333333333333,275,42.53439044615515,50.18181818181818,5.819191384338773
sieve2_pivot_long_resistance_breakout,failed_original,sieve2_overtrade_pivot_long_resistance_breakout_vp_market_guard,Parked original after weak-but-not-hopeless Sieve2 result; updated top-level rescue clone created.,3,1,0,-3.0052887446666667,1.8194536870000004,622.0,674,41.14575355676383,47.62611275964392,9.788646067165994
sieve2_pivot_long_support_reclaim,failed_original,,"Parked original after weak Sieve2 review; not selected for Sieve3, complete-pattern hold, or rescue clone.",3,2,0,0.2478229156666667,0.6304037610000001,21.0,21,42.857142857142854,47.61904761904761,0.9012069033496402
sieve2_pivot_long_trend_pullback,failed_original,sieve2_loosen_pivot_long_trend_pullback_broader_trigger,Parked original after weak-but-not-hopeless Sieve2 result; updated top-level rescue clone created.,3,0,0,1.324089591,1.7691959469999998,18.0,18,57.40740740740741,66.66666666666666,0.8178226235692412
sieve2_pivot_short_support_breakdown,failed_original,,"Parked original after weak Sieve2 review; not selected for Sieve3, complete-pattern hold, or rescue clone.",3,1,0,-2.9890586213333337,2.0458243449999998,437.3333333333333,464,40.9113416455614,48.060344827586206,8.656650584794912
sieve2_prior_day_high_breakout_long,failed_original,sieve2_overtrade_prior_day_high_breakout_long_vp_market_guard,Parked original after weak-but-not-hopeless Sieve2 result; updated top-level rescue clone created.,3,2,2,18.663994556000002,28.387890905000006,2661.3333333333335,2767,43.70006398919938,51.535959522949035,15.276247569213396
sieve2_prior_range_low_sweep_reclaim_long,failed_original,,"Parked original after weak Sieve2 review; not selected for Sieve3, complete-pattern hold, or rescue clone.",3,0,0,-2.6544433863333334,-1.708938733,93.0,93,35.12544802867384,38.70967741935484,5.409521089377623
sieve2_prior_week_high_breakout_long,failed_original,sieve2_overtrade_prior_week_high_breakout_long_vp_market_guard,Parked original after weak-but-not-hopeless Sieve2 result; updated top-level rescue clone created.,3,2,2,7.514337456,10.865107444000001,744.0,752,44.44202802850805,52.659574468085104,5.3377515907153725
sieve2_reversal_double_bottom_confirmed_long_1h,failed_original,sieve2_loosen_reversal_double_bottom_confirmed_long_1h_broader_trigger,Parked original after weak-but-not-hopeless Sieve2 result; updated top-level rescue clone created.,3,0,0,2.4879980946666667,3.122907471,13.333333333333334,15,80.12987012987013,81.81818181818183,0.20926500607176138
sieve2_reversal_double_bottom_confirmed_long_8h,failed_original,,"Parked original after weak Sieve2 review; not selected for Sieve3, complete-pattern hold, or rescue clone.",3,0,0,-0.623241984,-0.558283262,8.0,8,29.166666666666668,37.5,1.215155608889278
sieve2_reversal_double_bottom_present_long_1h,failed_original,sieve2_loosen_reversal_double_bottom_present_long_1h_broader_trigger,Parked original after weak-but-not-hopeless Sieve2 result; updated top-level rescue clone created.,3,0,0,1.7126244336666663,2.3089999609999996,10.666666666666666,12,75.16835016835017,77.77777777777779,0.20952520385022497
sieve2_reversal_double_bottom_present_long_8h,failed_original,,"Parked original after weak Sieve2 review; not selected for Sieve3, complete-pattern hold, or rescue clone.",3,0,0,-0.623241984,-0.558283262,8.0,8,29.166666666666668,37.5,1.215155608889278
sieve2_reversal_double_top_confirmed_short_1h,failed_original,,"Parked original after weak Sieve2 review; not selected for Sieve3, complete-pattern hold, or rescue clone.",3,0,0,-5.004910067666667,-2.966702407000001,1584.6666666666667,1799,41.40430064863938,50.36131183991106,13.299469565448069
sieve2_reversal_double_top_confirmed_short_4h,failed_original,,"Parked original after weak Sieve2 review; not selected for Sieve3, complete-pattern hold, or rescue clone.",3,0,0,-0.6909807756666666,-0.1469298510000001,64.0,73,39.3522746490783,46.57534246575342,1.9618346444792545
sieve2_reversal_double_top_confirmed_short_8h,failed_original,,"Parked original after weak Sieve2 review; not selected for Sieve3, complete-pattern hold, or rescue clone.",3,2,0,0.29594832266666643,1.684303443999999,194.33333333333334,215,42.454164909873036,48.372093023255815,3.1262456445966533
sieve2_reversal_double_top_present_short_4h,failed_original,,"Parked original after weak Sieve2 review; not selected for Sieve3, complete-pattern hold, or rescue clone.",3,0,0,-3.1763902313333325,-0.6089740039999978,419.6666666666667,445,40.55350738467342,47.86516853932584,6.9179069196348575
sieve2_reversal_double_top_present_short_8h,failed_original,,"Parked original after weak Sieve2 review; not selected for Sieve3, complete-pattern hold, or rescue clone.",3,1,0,-1.2341894170000003,0.5824594570000002,240.66666666666666,274,40.98754830399313,47.08029197080292,5.47139914908075
sieve2_reversal_head_shoulders_confirmed_short_1d,failed_original,,"Parked original after weak Sieve2 review; not selected for Sieve3, complete-pattern hold, or rescue clone.",3,0,0,-1.5780526190000002,-1.388071128,22.666666666666668,23,26.4163372859025,30.434782608695656,2.2010926914870326
sieve2_reversal_head_shoulders_confirmed_short_1h,failed_original,sieve2_loosen_reversal_head_shoulders_confirmed_short_1h_broader_trigger,Parked original after weak-but-not-hopeless Sieve2 result; updated top-level rescue clone created.,3,0,0,1.255065686,1.541653859,7.333333333333333,8,76.78571428571429,87.5,0.2091983269118157
sieve2_reversal_head_shoulders_confirmed_short_4h,failed_original,,"Parked original after weak Sieve2 review; not selected for Sieve3, complete-pattern hold, or rescue clone.",3,0,0,0.49095929266666666,0.800721684,3.6666666666666665,4,69.44444444444444,100.0,0.20852100828751638
sieve2_reversal_head_shoulders_confirmed_short_8h,failed_original,,"Parked original after weak Sieve2 review; not selected for Sieve3, complete-pattern hold, or rescue clone.",3,0,0,0.601244885,0.837481028,8.666666666666666,10,57.56613756613757,60.0,0.5936666133929448
sieve2_reversal_head_shoulders_present_short_1d,failed_original,,"Parked original after weak Sieve2 review; not selected for Sieve3, complete-pattern hold, or rescue clone.",3,0,0,-1.5780526190000002,-1.388071128,22.666666666666668,23,26.4163372859025,30.434782608695656,2.2010926914870326
sieve2_reversal_head_shoulders_present_short_1h,failed_original,,"Parked original after weak Sieve2 review; not selected for Sieve3, complete-pattern hold, or rescue clone.",3,0,0,-1.1776196543333333,-0.8911577049999998,18.666666666666668,19,30.311890838206626,31.57894736842105,1.5901125660000046
sieve2_reversal_head_shoulders_present_short_4h,failed_original,,"Parked original after weak Sieve2 review; not selected for Sieve3, complete-pattern hold, or rescue clone.",3,0,0,0.09838841133333331,0.299448138,1.0,1,66.66666666666667,100.0,0.20433336800000462
sieve2_reversal_head_shoulders_present_short_8h,failed_original,,"Parked original after weak Sieve2 review; not selected for Sieve3, complete-pattern hold, or rescue clone.",3,0,0,-3.1298133213333332,-2.320289088,143.66666666666666,158,36.94838361727102,44.303797468354425,5.555257292230165
sieve2_reversal_inverse_head_shoulders_confirmed_long_1d,failed_original,,"Parked original after weak Sieve2 review; not selected for Sieve3, complete-pattern hold, or rescue clone.",3,0,0,1.0965468263333333,1.5617139449999997,14.0,15,56.99633699633699,60.0,0.421136123428649
sieve2_reversal_inverse_head_shoulders_confirmed_long_4h,failed_original,,"Parked original after weak Sieve2 review; not selected for Sieve3, complete-pattern hold, or rescue clone.",3,0,0,-0.7834897593333333,-0.3754523979999999,14.666666666666666,16,31.547619047619047,37.5,1.4860859107844497
sieve2_reversal_inverse_head_shoulders_confirmed_long_8h,failed_original,,"Parked original after weak Sieve2 review; not selected for Sieve3, complete-pattern hold, or rescue clone.",3,0,0,-0.1776663266666666,0.09868107700000005,2.3333333333333335,3,27.777777777777775,50.0,0.4170644899999957
sieve2_reversal_inverse_head_shoulders_present_long_1d,failed_original,,"Parked original after weak Sieve2 review; not selected for Sieve3, complete-pattern hold, or rescue clone.",3,0,0,0.3136685326666667,0.5731157270000001,9.0,9,48.14814814814815,55.55555555555556,0.5078851971935704
sieve2_reversal_inverse_head_shoulders_present_long_4h,failed_original,,"Parked original after weak Sieve2 review; not selected for Sieve3, complete-pattern hold, or rescue clone.",3,0,0,-0.7777717713333332,-0.42601343599999997,20.333333333333332,23,34.09610983981693,39.130434782608695,1.6526594992893398
sieve2_reversal_inverse_head_shoulders_present_long_8h,failed_original,,"Parked original after weak Sieve2 review; not selected for Sieve3, complete-pattern hold, or rescue clone.",3,0,0,0.8071919550000001,1.7395722570000005,12.666666666666666,13,57.26495726495727,84.61538461538461,1.303742831731721
sieve2_supply_zone_breakout_long,failed_original,sieve2_overtrade_supply_zone_breakout_long_vp_market_guard,Parked original after weak-but-not-hopeless Sieve2 result; updated top-level rescue clone created.,3,2,2,30.678234326333335,39.283759016999994,3227.6666666666665,3335,44.10188762759562,52.353823088455776,14.661081172863225
sieve2_tlv2_falling_resistance_ride_short_4h,failed_original,,"Parked original after weak Sieve2 review; not selected for Sieve3, complete-pattern hold, or rescue clone.",3,2,0,0.36529180900000013,0.7790718100000003,31.0,31,44.086021505376344,51.61290322580645,1.19417970414293
sieve2_tlv2_resistance_breakout_long_1d,failed_original,,"Parked original after weak Sieve2 review; not selected for Sieve3, complete-pattern hold, or rescue clone.",3,0,0,-0.25504246066666664,0.042503468999999995,9.0,9,33.33333333333333,33.33333333333333,0.6737977819999968
sieve2_tlv2_resistance_breakout_long_1h,failed_original,sieve2_overtrade_tlv2_resistance_breakout_long_1h_vp_market_guard,Parked original after weak-but-not-hopeless Sieve2 result; updated top-level rescue clone created.,3,2,2,13.883986748,29.561376079000002,1923.0,1985,43.59034977262121,50.730478589420656,13.486750103313819
sieve2_tlv2_resistance_breakout_long_4h,failed_original,,"Parked original after weak Sieve2 review; not selected for Sieve3, complete-pattern hold, or rescue clone.",3,2,0,0.1444914586666668,0.4448336970000001,59.0,59,42.93785310734464,50.847457627118644,2.7960614944503237
sieve2_tlv2_resistance_breakout_long_8h,failed_original,,"Parked original after weak Sieve2 review; not selected for Sieve3, complete-pattern hold, or rescue clone.",3,0,0,-0.2246731976666667,0.01785570000000001,16.0,16,41.666666666666664,50.0,1.116798580934821
sieve2_tlv2_resistance_proximity_reject_short_1h,failed_original,,"Parked original after weak Sieve2 review; not selected for Sieve3, complete-pattern hold, or rescue clone.",3,0,0,-0.5174487976666665,-0.21017596699999994,30.333333333333332,31,38.387096774193544,45.16129032258064,1.9783172473542154
sieve2_tlv2_resistance_proximity_reject_short_4h,failed_original,,"Parked original after weak Sieve2 review; not selected for Sieve3, complete-pattern hold, or rescue clone.",3,2,0,0.02836186333333346,0.4254425760000001,56.333333333333336,57,41.969507101086045,49.122807017543856,2.3818849376392897
sieve2_tlv2_resistance_proximity_reject_short_8h,failed_original,,"Parked original after weak Sieve2 review; not selected for Sieve3, complete-pattern hold, or rescue clone.",3,0,0,-1.6188505376666669,-0.7254284720000002,70.0,73,37.04442562140375,39.726027397260275,3.6629423927747333
sieve2_tlv2_resistance_reject_short_1h,failed_original,,"Parked original after weak Sieve2 review; not selected for Sieve3, complete-pattern hold, or rescue clone.",3,0,0,-9.404589648999998,-4.894716020000001,1178.6666666666667,1264,40.18130723045318,47.70569620253164,19.964095402300337
sieve2_tlv2_resistance_reject_short_4h,failed_original,,"Parked original after weak Sieve2 review; not selected for Sieve3, complete-pattern hold, or rescue clone.",3,0,0,0.507119201,0.8527005939999996,16.333333333333332,17,48.89705882352941,52.94117647058824,0.7885360753664842
sieve2_tlv2_resistance_reject_short_8h,failed_original,,"Parked original after weak Sieve2 review; not selected for Sieve3, complete-pattern hold, or rescue clone.",3,1,0,-1.273158029,0.7366208810000002,109.33333333333333,111,39.27999367251704,44.14414414414414,3.924458276113906
sieve2_tlv2_rising_support_ride_long_1d,failed_original,,"Parked original after weak Sieve2 review; not selected for Sieve3, complete-pattern hold, or rescue clone.",3,0,0,0.09433875166666665,0.19430540999999998,2.0,2,50.0,50.0,0.2051295583723993
sieve2_tlv2_rising_support_ride_long_4h,failed_original,,"Parked original after weak Sieve2 review; not selected for Sieve3, complete-pattern hold, or rescue clone.",3,0,0,-0.14494499500000002,0.12417056400000004,24.0,24,38.888888888888886,50.0,1.6454873136092272
sieve2_tlv2_rising_support_ride_long_8h,failed_original,,"Parked original after weak Sieve2 review; not selected for Sieve3, complete-pattern hold, or rescue clone.",3,0,0,0.45546881666666666,0.7421124079999999,5.0,5,60.0,60.0,0.22802497899999707
sieve2_tlv2_support_breakdown_short_1d,failed_original,,"Parked original after weak Sieve2 review; not selected for Sieve3, complete-pattern hold, or rescue clone.",3,0,0,0.6475607246666667,0.997227281,6.0,6,66.66666666666666,66.66666666666666,0.23483089965095919
sieve2_tlv2_support_breakdown_short_1h,failed_original,sieve2_overtrade_tlv2_support_breakdown_short_1h_vp_market_guard,Parked original after weak-but-not-hopeless Sieve2 result; updated top-level rescue clone created.,3,2,2,21.154607655999996,29.535259330999995,2426.3333333333335,2541,43.83850595388608,51.790633608815426,14.245612608883818
sieve2_tlv2_support_breakdown_short_4h,failed_original,,"Parked original after weak Sieve2 review; not selected for Sieve3, complete-pattern hold, or rescue clone.",3,2,0,0.7758785163333332,1.5855552259999999,36.0,36,46.296296296296305,52.77777777777778,1.4252813560254298
sieve2_tlv2_support_breakdown_short_8h,failed_original,sieve2_overtrade_tlv2_support_breakdown_short_8h_vp_market_guard,Parked original after weak-but-not-hopeless Sieve2 result; updated top-level rescue clone created.,3,2,1,5.995412386999998,15.503114017999998,1047.3333333333333,1072,43.123635817876426,49.8134328358209,11.747541062830777
sieve2_tlv2_support_proximity_bounce_long_1d,failed_original,,"Parked original after weak Sieve2 review; not selected for Sieve3, complete-pattern hold, or rescue clone.",3,0,0,0.02896539199999998,0.18387822999999998,3.0,3,44.444444444444436,66.66666666666666,0.387467246216475
sieve2_tlv2_support_proximity_bounce_long_1h,failed_original,,"Parked original after weak Sieve2 review; not selected for Sieve3, complete-pattern hold, or rescue clone.",3,0,0,-0.7618894946666668,-0.529051698,18.0,18,31.481481481481485,38.88888888888889,1.7536154633450014
sieve2_tlv2_support_proximity_bounce_long_4h,failed_original,,"Parked original after weak Sieve2 review; not selected for Sieve3, complete-pattern hold, or rescue clone.",3,0,0,0.17029454200000002,0.36532650600000005,4.0,4,50.0,50.0,0.224228278382156
sieve2_tlv2_support_proximity_bounce_long_8h,failed_original,,"Parked original after weak Sieve2 review; not selected for Sieve3, complete-pattern hold, or rescue clone.",3,0,0,0.5467541910000001,0.6227188,3.0,3,77.77777777777777,100.0,0.19869847927392886
sieve2_tlv2_support_reclaim_long_1d,failed_original,,"Parked original after weak Sieve2 review; not selected for Sieve3, complete-pattern hold, or rescue clone.",3,0,0,-0.320203389,-0.12096471700000003,11.0,11,33.333333333333336,36.36363636363637,0.8635152029999972
sieve2_tlv2_support_reclaim_long_1h,failed_original,sieve2_overtrade_tlv2_support_reclaim_long_1h_vp_market_guard,Parked original after weak-but-not-hopeless Sieve2 result; updated top-level rescue clone created.,3,1,0,-0.9035872806666677,1.587331820999998,1492.6666666666667,1677,42.37188428342396,50.80500894454383,20.667441773228788
sieve2_tlv2_support_reclaim_long_4h,failed_original,,"Parked original after weak Sieve2 review; not selected for Sieve3, complete-pattern hold, or rescue clone.",3,1,0,-1.2295543533333342,0.7170797559999996,230.66666666666666,242,41.01068227862486,47.107438016528924,6.506778461861101
sieve2_tlv2_support_reclaim_long_8h,failed_original,,"Parked original after weak Sieve2 review; not selected for Sieve3, complete-pattern hold, or rescue clone.",3,0,0,0.4823358546666667,0.7921143200000001,6.0,6,61.11111111111111,83.33333333333334,0.6685175586010548
sieve2_triple_bottom_confirmation_pressure_long_1d,failed_original,,"Parked original after weak Sieve2 review; not selected for Sieve3, complete-pattern hold, or rescue clone.",3,0,0,-0.209173965,-0.209173965,1.0,1,0.0,0.0,0.2091739650000022
sieve2_triple_bottom_confirmation_pressure_long_1h,failed_original,sieve2_loosen_triple_bottom_confirmation_pressure_long_1h_broader_trigger,Parked original after weak-but-not-hopeless Sieve2 result; updated top-level rescue clone created.,3,0,0,2.0268951383333333,2.5070505860000005,18.666666666666668,19,64.13255360623782,68.42105263157895,0.3967817458379973
sieve2_triple_bottom_confirmation_pressure_long_4h,failed_original,,"Parked original after weak Sieve2 review; not selected for Sieve3, complete-pattern hold, or rescue clone.",3,0,0,0.47394193700000004,0.676063964,4.0,4,66.66666666666667,75.0,0.21768048743220145
sieve2_triple_bottom_confirmation_pressure_long_8h,failed_original,,"Parked original after weak Sieve2 review; not selected for Sieve3, complete-pattern hold, or rescue clone.",3,0,0,0.3938301853333333,0.598030098,2.0,2,83.33333333333333,100.0,0.21129208073761835
sieve2_triple_bottom_confirmed_long_1d,failed_original,,"Parked original after weak Sieve2 review; not selected for Sieve3, complete-pattern hold, or rescue clone.",3,0,0,-0.210477759,-0.210477759,1.0,1,0.0,0.0,0.21047775900000262
sieve2_triple_bottom_confirmed_long_1h,failed_original,,"Parked original after weak Sieve2 review; not selected for Sieve3, complete-pattern hold, or rescue clone.",3,3,1,0.9784576003333335,1.2965428380000004,46.333333333333336,52,46.64328248633657,57.692307692307686,1.7737053938794989
sieve2_triple_bottom_confirmed_long_4h,failed_original,,"Parked original after weak Sieve2 review; not selected for Sieve3, complete-pattern hold, or rescue clone.",3,1,0,-0.31936887066666675,0.17295708999999984,23.333333333333332,26,39.86013986013987,42.30769230769231,1.941653536854885
sieve2_triple_bottom_confirmed_long_8h,failed_original,,"Parked original after weak Sieve2 review; not selected for Sieve3, complete-pattern hold, or rescue clone.",3,1,0,0.08717211799999991,0.48707312399999986,22.333333333333332,26,45.571658615136876,50.0,0.956184602999997
sieve2_triple_bottom_present_long_1h,failed_original,,"Parked original after weak Sieve2 review; not selected for Sieve3, complete-pattern hold, or rescue clone.",3,0,0,-0.15697153866666658,-0.08087297399999968,26.0,28,40.598290598290596,50.0,1.2583071823140783
sieve2_triple_bottom_present_long_4h,failed_original,sieve2_loosen_triple_bottom_present_long_4h_broader_trigger,Parked original after weak-but-not-hopeless Sieve2 result; updated top-level rescue clone created.,3,0,0,1.9729631249999997,2.3291895609999997,12.666666666666666,14,73.4126984126984,78.57142857142857,0.2206705762882637
sieve2_triple_bottom_present_long_8h,failed_original,,"Parked original after weak Sieve2 review; not selected for Sieve3, complete-pattern hold, or rescue clone.",3,0,0,0.40646236966666666,0.612977331,13.333333333333334,16,48.75,56.25,0.41980581685390034
sieve2_triple_top_confirmation_pressure_short_1h,failed_original,sieve2_loosen_triple_top_confirmation_pressure_short_1h_broader_trigger,Parked original after weak-but-not-hopeless Sieve2 result; updated top-level rescue clone created.,3,0,0,1.1541520783333332,1.551452066,12.0,12,61.11111111111111,66.66666666666666,0.5855359685334296
sieve2_triple_top_confirmation_pressure_short_4h,failed_original,,"Parked original after weak Sieve2 review; not selected for Sieve3, complete-pattern hold, or rescue clone.",3,0,0,0.43564645733333324,0.5998466349999999,6.0,6,55.55555555555555,66.66666666666666,0.20878605173455816
sieve2_triple_top_confirmed_short_4h,failed_original,,"Parked original after weak Sieve2 review; not selected for Sieve3, complete-pattern hold, or rescue clone.",3,0,0,0.6665070726666666,0.799920117,2.3333333333333335,3,100.0,100.0,0.0
sieve2_triple_top_confirmed_short_8h,failed_original,,"Parked original after weak Sieve2 review; not selected for Sieve3, complete-pattern hold, or rescue clone.",3,0,0,-0.007247659999999974,0.6832169200000001,17.0,17,41.17647058823529,41.17647058823529,1.0826922925925138
sieve2_triple_top_present_short_1d,failed_original,,"Parked original after weak Sieve2 review; not selected for Sieve3, complete-pattern hold, or rescue clone.",3,0,0,-0.4909872359999999,-0.4218580419999999,7.666666666666667,10,28.412698412698415,40.0,1.012941600948842
sieve2_triple_top_present_short_4h,failed_original,,"Parked original after weak Sieve2 review; not selected for Sieve3, complete-pattern hold, or rescue clone.",3,0,0,0.6665070726666666,0.799920117,2.3333333333333335,3,100.0,100.0,0.0
sieve2_triple_top_present_short_8h,failed_original,,"Parked original after weak Sieve2 review; not selected for Sieve3, complete-pattern hold, or rescue clone.",3,0,0,-0.14601158866666675,0.14895834799999993,8.0,8,37.5,37.5,0.8297126987133869
sieve2_volatility_breakout_long,failed_original,,"Parked original after weak Sieve2 review; not selected for Sieve3, complete-pattern hold, or rescue clone.",3,0,0,-2.0464383930000003,-0.730676244,187.0,195,40.77241598980729,50.76923076923077,5.999544646850044
sieve2_wolfe_bearish_confirmation_pressure_short_1h,failed_original,,"Parked original after weak Sieve2 review; not selected for Sieve3, complete-pattern hold, or rescue clone.",3,0,0,0.34472488166666676,1.113476833,9.0,9,51.85185185185185,66.66666666666666,1.0071774589770133
sieve2_wolfe_bearish_confirmed_short_1h,failed_original,,"Parked original after weak Sieve2 review; not selected for Sieve3, complete-pattern hold, or rescue clone.",3,0,0,-0.6607671093333333,0.34087398199999996,12.666666666666666,14,32.05128205128205,50.0,2.2058576369999967
sieve2_wolfe_bearish_present_short_1h,failed_original,,"Parked original after weak Sieve2 review; not selected for Sieve3, complete-pattern hold, or rescue clone.",3,0,0,-1.1937335003333334,-0.41616428199999994,19.333333333333332,22,29.838634018200583,40.909090909090914,2.271633021000002
sieve2_wolfe_bearish_present_short_8h,failed_original,,"Parked original after weak Sieve2 review; not selected for Sieve3, complete-pattern hold, or rescue clone.",3,0,0,-1.783207286,-1.1549823610000003,48.0,51,34.50871560465074,41.17647058823529,2.6922651289999977
sieve2_wolfe_bullish_confirmation_pressure_long_1d,failed_original,,"Parked original after weak Sieve2 review; not selected for Sieve3, complete-pattern hold, or rescue clone.",3,0,0,0.254746572,0.339644102,1.0,1,100.0,100.0,0.0
sieve2_wolfe_bullish_confirmation_pressure_long_1h,failed_original,,"Parked original after weak Sieve2 review; not selected for Sieve3, complete-pattern hold, or rescue clone.",3,0,0,0.0,0.0,0.0,0,0.0,0.0,0.0
sieve2_wolfe_bullish_confirmation_pressure_long_8h,failed_original,,"Parked original after weak Sieve2 review; not selected for Sieve3, complete-pattern hold, or rescue clone.",3,0,0,0.0,0.0,0.0,0,0.0,0.0,0.0
sieve2_wolfe_bullish_confirmed_long_1d,failed_original,,"Parked original after weak Sieve2 review; not selected for Sieve3, complete-pattern hold, or rescue clone.",3,0,0,0.279342017,0.48312512599999996,5.0,5,53.333333333333336,60.0,0.4180323259363388
sieve2_wolfe_bullish_confirmed_long_1h,failed_original,,"Parked original after weak Sieve2 review; not selected for Sieve3, complete-pattern hold, or rescue clone.",3,0,0,-2.046578553,-1.786250415,55.0,62,34.521423916585206,41.935483870967744,3.310603321999997
sieve2_wolfe_bullish_confirmed_long_4h,failed_original,,"Parked original after weak Sieve2 review; not selected for Sieve3, complete-pattern hold, or rescue clone.",3,0,0,-0.46568566966666664,-0.18043531299999999,12.333333333333334,13,35.04273504273504,38.46153846153847,0.892815573732088
sieve2_wolfe_bullish_confirmed_long_8h,failed_original,,"Parked original after weak Sieve2 review; not selected for Sieve3, complete-pattern hold, or rescue clone.",3,0,0,-0.031191431999999988,0.009063984000000015,4.666666666666667,7,46.82539682539683,57.14285714285714,0.21406100399999559
sieve2_wolfe_bullish_present_long_1d,failed_original,,"Parked original after weak Sieve2 review; not selected for Sieve3, complete-pattern hold, or rescue clone.",3,0,0,0.095463464,0.299340409,1.0,1,66.66666666666667,100.0,0.2128001960000006
sieve2_wolfe_bullish_present_long_8h,failed_original,,"Parked original after weak Sieve2 review; not selected for Sieve3, complete-pattern hold, or rescue clone.",3,2,0,0.11128413899999996,0.5880884919999998,32.666666666666664,38,43.28883945124212,50.0,1.6968854648386278
sieve2_bos_bear_continuation_short_1h,sieve3_candidate,,Parked as Sieve3 candidate: cleaner Sieve2 performer for later undefined refinement.,3,3,0,1.2416631489999999,2.104435204,36.0,36,49.074074074074076,55.55555555555556,1.3762944975332025
sieve2_bos_bear_continuation_short_8h,sieve3_candidate,,Parked as Sieve3 candidate: cleaner Sieve2 performer for later undefined refinement.,3,2,2,0.8066464650000004,2.4071604499999997,135.33333333333334,137,43.55617156176404,48.9051094890511,2.812194936259658
sieve2_choch_bull_reversal_long_4h,sieve3_candidate,,Parked as Sieve3 candidate: cleaner Sieve2 performer for later undefined refinement.,3,3,0,1.8319839433333336,2.783047635,34.0,34,51.96078431372549,55.88235294117647,0.7572765483906235
sieve2_choch_bull_reversal_long_8h,sieve3_candidate,,Parked as Sieve3 candidate: cleaner Sieve2 performer for later undefined refinement.,3,2,2,3.673819618333333,5.345555985,330.3333333333333,331,44.38424595267174,51.963746223564954,5.670835289062702
sieve2_ladder_short_res_fail,sieve3_candidate,,Parked as Sieve3 candidate: cleaner Sieve2 performer for later undefined refinement.,3,3,2,3.1883010833333327,4.847252831,56.0,56,52.38095238095238,55.35714285714286,1.4699821137927336
sieve2_multi2_prior_vp_breakout_long,sieve3_candidate,,Parked as Sieve3 candidate: cleaner Sieve2 performer for later undefined refinement.,3,3,2,2.363542077,3.1463533720000005,64.0,65,49.40590659340659,56.92307692307692,1.6477272799679286
sieve2_multi2_tlv2_vp_res_break_vp_bullctx_long_1h,sieve3_candidate,,Parked as Sieve3 candidate: cleaner Sieve2 performer for later undefined refinement.,3,3,3,7.637109422333334,8.939899334000001,217.0,219,49.867975800212285,58.9041095890411,3.131919836875157
sieve2_multi2_tlv2_vp_res_break_vp_val_long_1d,sieve3_candidate,,Parked as Sieve3 candidate: cleaner Sieve2 performer for later undefined refinement.,3,2,2,2.8840720770000003,5.888226312000001,139.33333333333334,140,45.92326139088729,50.0,3.546341493777915
sieve2_multi2_tlv2_vp_res_break_vp_val_long_4h,sieve3_candidate,,Parked as Sieve3 candidate: cleaner Sieve2 performer for later undefined refinement.,3,3,3,9.152393314,10.577690159,353.0,354,48.14204881920468,57.6271186440678,5.676654260472434
sieve2_multi2_tlv2_vp_res_reject_vp_node_short_1h,sieve3_candidate,,Parked as Sieve3 candidate: cleaner Sieve2 performer for later undefined refinement.,3,2,2,2.377246981,4.190129516000001,239.0,245,44.226729354266176,52.244897959183675,3.569343063500773
sieve2_multi2_tlv2_vp_res_reject_vp_node_short_4h,sieve3_candidate,,Parked as Sieve3 candidate: cleaner Sieve2 performer for later undefined refinement.,3,2,2,2.1415969233333336,3.2019620200000016,52.666666666666664,53,49.3347847121432,54.71698113207547,1.2490903690118706
sieve2_multi2_tlv2_vp_res_reject_vp_vah_short_4h,sieve3_candidate,,Parked as Sieve3 candidate: cleaner Sieve2 performer for later undefined refinement.,3,3,2,2.4179470886666667,3.4812041700000003,57.333333333333336,58,51.139342609397055,55.172413793103445,1.4656744810757365
sieve2_multi2_tlv2_vp_sup_break_vp_bearctx_short_1h,sieve3_candidate,,Parked as Sieve3 candidate: cleaner Sieve2 performer for later undefined refinement.,3,3,3,3.671657887666667,6.058607383,63.333333333333336,64,53.66236772486772,57.8125,1.1806488528427554
sieve2_multi2_vp_prior_month_high_break_vp_bullctx_long,sieve3_candidate,,Parked as Sieve3 candidate: cleaner Sieve2 performer for later undefined refinement.,3,3,2,7.138894478666667,10.97004695,173.33333333333334,174,49.7973556574314,55.172413793103445,3.228569523230303
sieve2_multi2_vp_prior_month_high_break_vp_node_long,sieve3_candidate,,Parked as Sieve3 candidate: cleaner Sieve2 performer for later undefined refinement.,3,2,2,7.070378343333334,9.582647708,353.0,357,46.20901935681734,53.50140056022409,5.216137749833096
sieve2_multi2_vp_prior_month_high_break_vp_val_long,sieve3_candidate,,Parked as Sieve3 candidate: cleaner Sieve2 performer for later undefined refinement.,3,2,2,9.739037127999998,12.271840657999999,400.6666666666667,406,46.8522656278387,54.43349753694581,3.696801853356097
sieve2_multi2_vp_prior_week_high_break_vp_bullctx_long,sieve3_candidate,,Parked as Sieve3 candidate: cleaner Sieve2 performer for later undefined refinement.,3,3,3,7.403527347666667,9.115164299,164.33333333333334,165,50.896772604089676,58.78787878787879,1.7534546227927197
sieve2_multi2_vp_prior_week_high_break_vp_node_long,sieve3_candidate,,Parked as Sieve3 candidate: cleaner Sieve2 performer for later undefined refinement.,3,2,2,5.889635206666667,8.245554809,226.66666666666666,228,47.183408373440976,54.824561403508774,3.2886072454968565
sieve2_multi2_vp_prior_week_high_break_vp_val_long,sieve3_candidate,,Parked as Sieve3 candidate: cleaner Sieve2 performer for later undefined refinement.,3,3,2,7.325567081,9.680230706000001,253.66666666666666,255,47.94285566664083,55.68627450980392,2.897729645808428
sieve2_multi3_prior_avwap_vp_breakout_long,sieve3_candidate,,Parked as Sieve3 candidate: cleaner Sieve2 performer for later undefined refinement.,3,2,2,3.1202153109999995,4.584860126,98.0,99,48.25755981867911,54.54545454545454,1.45182112523652
sieve2_multi4_prior_range_avwap_vp_breakout_long,sieve3_candidate,,Parked as Sieve3 candidate: cleaner Sieve2 performer for later undefined refinement.,3,2,2,2.5004123876666666,5.200335448,281.0,282,43.756572692932195,50.70921985815603,4.779198939846982
sieve2_prior_month_high_breakout_long,sieve3_candidate,,Parked as Sieve3 candidate: cleaner Sieve2 performer for later undefined refinement.,3,2,2,7.6488838213333326,9.483134169000001,413.3333333333333,418,45.75030238372216,53.588516746411486,4.197059337019207
sieve2_reversal_double_top_present_short_1h,sieve3_candidate,,Parked as Sieve3 candidate: cleaner Sieve2 performer for later undefined refinement.,3,2,2,6.564335861,9.231996335,389.3333333333333,453,46.20276773042416,53.64238410596026,3.856804349779914
sieve2_mtfx_d1_avwap_reclaim_long_4h_retest,active_unrun_returned,,Returned to top-level active Sieve2 set because unrun Sieve2 files should run normally unless explicitly parked.,,,,,,,,,,
sieve2_mtfx_d1_avwap_reject_short_4h_retest,active_unrun_returned,,Returned to top-level active Sieve2 set because unrun Sieve2 files should run normally unless explicitly parked.,,,,,,,,,,
sieve2_mtfx_d1_demand_zone_long_4h_reclaim,active_unrun_returned,,Returned to top-level active Sieve2 set because unrun Sieve2 files should run normally unless explicitly parked.,,,,,,,,,,
sieve2_mtfx_d1_double_bottom_long_4h_breakout,active_unrun_returned,,Returned to top-level active Sieve2 set because unrun Sieve2 files should run normally unless explicitly parked.,,,,,,,,,,
sieve2_mtfx_d1_double_bottom_long_4h_retest,active_unrun_returned,,Returned to top-level active Sieve2 set because unrun Sieve2 files should run normally unless explicitly parked.,,,,,,,,,,
sieve2_mtfx_d1_double_top_short_4h_breakdown,active_unrun_returned,,Returned to top-level active Sieve2 set because unrun Sieve2 files should run normally unless explicitly parked.,,,,,,,,,,
sieve2_mtfx_d1_double_top_short_4h_retest,active_unrun_returned,,Returned to top-level active Sieve2 set because unrun Sieve2 files should run normally unless explicitly parked.,,,,,,,,,,
sieve2_mtfx_d1_hs_short_4h_breakdown,active_unrun_returned,,Returned to top-level active Sieve2 set because unrun Sieve2 files should run normally unless explicitly parked.,,,,,,,,,,
sieve2_mtfx_d1_hs_short_4h_retest,active_unrun_returned,,Returned to top-level active Sieve2 set because unrun Sieve2 files should run normally unless explicitly parked.,,,,,,,,,,
sieve2_mtfx_d1_ihs_long_4h_breakout,active_unrun_returned,,Returned to top-level active Sieve2 set because unrun Sieve2 files should run normally unless explicitly parked.,,,,,,,,,,
sieve2_mtfx_d1_ihs_long_4h_retest,active_unrun_returned,,Returned to top-level active Sieve2 set because unrun Sieve2 files should run normally unless explicitly parked.,,,,,,,,,,
sieve2_mtfx_d1_liq_equal_highs_short_4h_choch,active_unrun_returned,,Returned to top-level active Sieve2 set because unrun Sieve2 files should run normally unless explicitly parked.,,,,,,,,,,
sieve2_mtfx_d1_liq_equal_lows_long_4h_choch,active_unrun_returned,,Returned to top-level active Sieve2 set because unrun Sieve2 files should run normally unless explicitly parked.,,,,,,,,,,
sieve2_mtfx_d1_rectangle_long_4h_breakout,active_unrun_returned,,Returned to top-level active Sieve2 set because unrun Sieve2 files should run normally unless explicitly parked.,,,,,,,,,,
sieve2_mtfx_d1_rectangle_long_4h_retest,active_unrun_returned,,Returned to top-level active Sieve2 set because unrun Sieve2 files should run normally unless explicitly parked.,,,,,,,,,,
sieve2_mtfx_d1_rectangle_short_4h_breakdown,active_unrun_returned,,Returned to top-level active Sieve2 set because unrun Sieve2 files should run normally unless explicitly parked.,,,,,,,,,,
sieve2_mtfx_d1_rectangle_short_4h_retest,active_unrun_returned,,Returned to top-level active Sieve2 set because unrun Sieve2 files should run normally unless explicitly parked.,,,,,,,,,,
sieve2_mtfx_d1_supply_zone_short_4h_reject,active_unrun_returned,,Returned to top-level active Sieve2 set because unrun Sieve2 files should run normally unless explicitly parked.,,,,,,,,,,
sieve2_mtfx_d1_tlv2_res_break_long_4h_bos,active_unrun_returned,,Returned to top-level active Sieve2 set because unrun Sieve2 files should run normally unless explicitly parked.,,,,,,,,,,
sieve2_mtfx_d1_tlv2_res_break_long_4h_retest,active_unrun_returned,,Returned to top-level active Sieve2 set because unrun Sieve2 files should run normally unless explicitly parked.,,,,,,,,,,
sieve2_mtfx_d1_tlv2_sup_reclaim_long_4h_bos,active_unrun_returned,,Returned to top-level active Sieve2 set because unrun Sieve2 files should run normally unless explicitly parked.,,,,,,,,,,
sieve2_mtfx_d1_tlv2_sup_reclaim_long_4h_retest,active_unrun_returned,,Returned to top-level active Sieve2 set because unrun Sieve2 files should run normally unless explicitly parked.,,,,,,,,,,
sieve2_mtfx_d1_vp_poc_reclaim_long_4h_retest,active_unrun_returned,,Returned to top-level active Sieve2 set because unrun Sieve2 files should run normally unless explicitly parked.,,,,,,,,,,
sieve2_mtfx_d1_vp_vah_reject_short_4h_retest,active_unrun_returned,,Returned to top-level active Sieve2 set because unrun Sieve2 files should run normally unless explicitly parked.,,,,,,,,,,
sieve2_mtfx_h4_avwap_reclaim_long_1h_retest,active_unrun_returned,,Returned to top-level active Sieve2 set because unrun Sieve2 files should run normally unless explicitly parked.,,,,,,,,,,
sieve2_mtfx_h4_avwap_reject_short_1h_retest,active_unrun_returned,,Returned to top-level active Sieve2 set because unrun Sieve2 files should run normally unless explicitly parked.,,,,,,,,,,
sieve2_mtfx_h4_demand_zone_long_1h_reclaim,active_unrun_returned,,Returned to top-level active Sieve2 set because unrun Sieve2 files should run normally unless explicitly parked.,,,,,,,,,,
sieve2_mtfx_h4_hs_short_1h_breakdown,active_unrun_returned,,Returned to top-level active Sieve2 set because unrun Sieve2 files should run normally unless explicitly parked.,,,,,,,,,,
sieve2_mtfx_h4_hs_short_1h_retest,active_unrun_returned,,Returned to top-level active Sieve2 set because unrun Sieve2 files should run normally unless explicitly parked.,,,,,,,,,,
sieve2_mtfx_h4_ihs_long_1h_breakout,active_unrun_returned,,Returned to top-level active Sieve2 set because unrun Sieve2 files should run normally unless explicitly parked.,,,,,,,,,,
sieve2_mtfx_h4_ihs_long_1h_retest,active_unrun_returned,,Returned to top-level active Sieve2 set because unrun Sieve2 files should run normally unless explicitly parked.,,,,,,,,,,
sieve2_mtfx_h4_liq_prior_high_short_1h_choch,active_unrun_returned,,Returned to top-level active Sieve2 set because unrun Sieve2 files should run normally unless explicitly parked.,,,,,,,,,,
sieve2_mtfx_h4_liq_prior_low_long_1h_choch,active_unrun_returned,,Returned to top-level active Sieve2 set because unrun Sieve2 files should run normally unless explicitly parked.,,,,,,,,,,
sieve2_mtfx_h4_supply_zone_short_1h_reject,active_unrun_returned,,Returned to top-level active Sieve2 set because unrun Sieve2 files should run normally unless explicitly parked.,,,,,,,,,,
sieve2_mtfx_h4_tlv2_res_break_long_1h_bos,active_unrun_returned,,Returned to top-level active Sieve2 set because unrun Sieve2 files should run normally unless explicitly parked.,,,,,,,,,,
sieve2_mtfx_h4_tlv2_res_break_long_1h_retest,active_unrun_returned,,Returned to top-level active Sieve2 set because unrun Sieve2 files should run normally unless explicitly parked.,,,,,,,,,,
sieve2_mtfx_h4_tlv2_sup_break_short_1h_choch,active_unrun_returned,,Returned to top-level active Sieve2 set because unrun Sieve2 files should run normally unless explicitly parked.,,,,,,,,,,
sieve2_mtfx_h4_tlv2_sup_break_short_1h_retest,active_unrun_returned,,Returned to top-level active Sieve2 set because unrun Sieve2 files should run normally unless explicitly parked.,,,,,,,,,,
sieve2_mtfx_h4_triple_bottom_long_1h_breakout,active_unrun_returned,,Returned to top-level active Sieve2 set because unrun Sieve2 files should run normally unless explicitly parked.,,,,,,,,,,
sieve2_mtfx_h4_triple_bottom_long_1h_retest,active_unrun_returned,,Returned to top-level active Sieve2 set because unrun Sieve2 files should run normally unless explicitly parked.,,,,,,,,,,
sieve2_mtfx_h4_triple_top_short_1h_breakdown,active_unrun_returned,,Returned to top-level active Sieve2 set because unrun Sieve2 files should run normally unless explicitly parked.,,,,,,,,,,
sieve2_mtfx_h4_triple_top_short_1h_retest,active_unrun_returned,,Returned to top-level active Sieve2 set because unrun Sieve2 files should run normally unless explicitly parked.,,,,,,,,,,
sieve2_mtfx_h4_vp_lvn_traverse_long_1h_breakout,active_unrun_returned,,Returned to top-level active Sieve2 set because unrun Sieve2 files should run normally unless explicitly parked.,,,,,,,,,,
sieve2_mtfx_h4_vp_lvn_traverse_short_1h_breakdown,active_unrun_returned,,Returned to top-level active Sieve2 set because unrun Sieve2 files should run normally unless explicitly parked.,,,,,,,,,,
sieve2_mtfx_h4_vp_poc_reject_short_1h_retest,active_unrun_returned,,Returned to top-level active Sieve2 set because unrun Sieve2 files should run normally unless explicitly parked.,,,,,,,,,,
sieve2_mtfx_h4_vp_val_reclaim_long_1h_retest,active_unrun_returned,,Returned to top-level active Sieve2 set because unrun Sieve2 files should run normally unless explicitly parked.,,,,,,,,,,
sieve2_mtfx_h4_wedge_long_1h_breakout,active_unrun_returned,,Returned to top-level active Sieve2 set because unrun Sieve2 files should run normally unless explicitly parked.,,,,,,,,,,
sieve2_mtfx_h4_wedge_long_1h_retest,active_unrun_returned,,Returned to top-level active Sieve2 set because unrun Sieve2 files should run normally unless explicitly parked.,,,,,,,,,,
sieve2_mtfx_h4_wedge_short_1h_breakdown,active_unrun_returned,,Returned to top-level active Sieve2 set because unrun Sieve2 files should run normally unless explicitly parked.,,,,,,,,,,
sieve2_mtfx_h4_wedge_short_1h_retest,active_unrun_returned,,Returned to top-level active Sieve2 set because unrun Sieve2 files should run normally unless explicitly parked.,,,,,,,,,,
sieve2_reframed_capitulation_vp_reclaim_long_1h,active_unrun_returned,,Returned to top-level active Sieve2 set because unrun Sieve2 files should run normally unless explicitly parked.,,,,,,,,,,
sieve2_reframed_capitulation_vp_reject_short_1h,active_unrun_returned,,Returned to top-level active Sieve2 set because unrun Sieve2 files should run normally unless explicitly parked.,,,,,,,,,,
sieve2_reframed_liquidity_equal_highs_reject_short_1h,active_unrun_returned,,Returned to top-level active Sieve2 set because unrun Sieve2 files should run normally unless explicitly parked.,,,,,,,,,,
sieve2_reframed_liquidity_equal_lows_reclaim_long_1h,active_unrun_returned,,Returned to top-level active Sieve2 set because unrun Sieve2 files should run normally unless explicitly parked.,,,,,,,,,,
sieve2_reframed_liquidity_prior_high_reject_short_1h,active_unrun_returned,,Returned to top-level active Sieve2 set because unrun Sieve2 files should run normally unless explicitly parked.,,,,,,,,,,
sieve2_reframed_liquidity_prior_low_reclaim_long_1h,active_unrun_returned,,Returned to top-level active Sieve2 set because unrun Sieve2 files should run normally unless explicitly parked.,,,,,,,,,,
sieve2_reframed_mtf_1d_flag_long_4h_breakout,active_unrun_returned,,Returned to top-level active Sieve2 set because unrun Sieve2 files should run normally unless explicitly parked.,,,,,,,,,,
sieve2_reframed_mtf_1d_flag_long_4h_retest,active_unrun_returned,,Returned to top-level active Sieve2 set because unrun Sieve2 files should run normally unless explicitly parked.,,,,,,,,,,
sieve2_reframed_mtf_4h_flag_long_1h_breakout,active_unrun_returned,,Returned to top-level active Sieve2 set because unrun Sieve2 files should run normally unless explicitly parked.,,,,,,,,,,
sieve2_reframed_mtf_4h_flag_long_1h_retest,active_unrun_returned,,Returned to top-level active Sieve2 set because unrun Sieve2 files should run normally unless explicitly parked.,,,,,,,,,,
sieve2_reframed_mtf_4h_pennant_long_1h_breakout,active_unrun_returned,,Returned to top-level active Sieve2 set because unrun Sieve2 files should run normally unless explicitly parked.,,,,,,,,,,
sieve2_reframed_mtf_4h_pennant_long_1h_retest,active_unrun_returned,,Returned to top-level active Sieve2 set because unrun Sieve2 files should run normally unless explicitly parked.,,,,,,,,,,
sieve2_reframed_mtf_4h_pennant_short_1h_breakdown,active_unrun_returned,,Returned to top-level active Sieve2 set because unrun Sieve2 files should run normally unless explicitly parked.,,,,,,,,,,
sieve2_reframed_mtf_4h_pennant_short_1h_retest,active_unrun_returned,,Returned to top-level active Sieve2 set because unrun Sieve2 files should run normally unless explicitly parked.,,,,,,,,,,
sieve2_reframed_mtf_4h_triangle_long_1h_breakout,active_unrun_returned,,Returned to top-level active Sieve2 set because unrun Sieve2 files should run normally unless explicitly parked.,,,,,,,,,,
sieve2_reframed_mtf_4h_triangle_long_1h_retest,active_unrun_returned,,Returned to top-level active Sieve2 set because unrun Sieve2 files should run normally unless explicitly parked.,,,,,,,,,,
sieve2_reframed_mtf_4h_wolfe_bear_short_1h_breakdown,active_unrun_returned,,Returned to top-level active Sieve2 set because unrun Sieve2 files should run normally unless explicitly parked.,,,,,,,,,,
sieve2_reframed_mtf_4h_wolfe_bull_long_1h_breakout,active_unrun_returned,,Returned to top-level active Sieve2 set because unrun Sieve2 files should run normally unless explicitly parked.,,,,,,,,,,
sieve2_reframed_tlv2_res_break_retest_vp_node_long_1h,active_unrun_returned,,Returned to top-level active Sieve2 set because unrun Sieve2 files should run normally unless explicitly parked.,,,,,,,,,,
sieve2_reframed_tlv2_res_break_vp_node_long_1h,active_unrun_returned,,Returned to top-level active Sieve2 set because unrun Sieve2 files should run normally unless explicitly parked.,,,,,,,,,,
sieve2_reframed_tlv2_support_break_retest_vp_node_short_1h,active_unrun_returned,,Returned to top-level active Sieve2 set because unrun Sieve2 files should run normally unless explicitly parked.,,,,,,,,,,
sieve2_reframed_tlv2_support_break_vp_node_short_1h,active_unrun_returned,,Returned to top-level active Sieve2 set because unrun Sieve2 files should run normally unless explicitly parked.,,,,,,,,,,
sieve2_reframed_vp_hvn_reclaim_long_1h,active_unrun_returned,,Returned to top-level active Sieve2 set because unrun Sieve2 files should run normally unless explicitly parked.,,,,,,,,,,
sieve2_reframed_vp_hvn_reject_short_1h,active_unrun_returned,,Returned to top-level active Sieve2 set because unrun Sieve2 files should run normally unless explicitly parked.,,,,,,,,,,
sieve2_reframed_vp_lvn_accept_long_1h,active_unrun_returned,,Returned to top-level active Sieve2 set because unrun Sieve2 files should run normally unless explicitly parked.,,,,,,,,,,
sieve2_reframed_vp_lvn_accept_short_1h,active_unrun_returned,,Returned to top-level active Sieve2 set because unrun Sieve2 files should run normally unless explicitly parked.,,,,,,,,,,
sieve2_reframed_vp_lvn_fast_traverse_long_1h,active_unrun_returned,,Returned to top-level active Sieve2 set because unrun Sieve2 files should run normally unless explicitly parked.,,,,,,,,,,
sieve2_reframed_vp_lvn_fast_traverse_short_1h,active_unrun_returned,,Returned to top-level active Sieve2 set because unrun Sieve2 files should run normally unless explicitly parked.,,,,,,,,,,
sieve2_reframed_vp_poc_reclaim_long_1h,active_unrun_returned,,Returned to top-level active Sieve2 set because unrun Sieve2 files should run normally unless explicitly parked.,,,,,,,,,,
sieve2_reframed_vp_poc_reject_short_1h,active_unrun_returned,,Returned to top-level active Sieve2 set because unrun Sieve2 files should run normally unless explicitly parked.,,,,,,,,,,
